Geography,Estimate; Total:,Margin of Error; Total:,"Estimate; Total: - Two or more races: - Two races excluding Some other race, and three or more races","Margin of Error; Total: - Two or more races: - Two races excluding Some other race, and three or more races"
"Baldwin County, Alabama",208563,*****,4936,1461
"Calhoun County, Alabama",114611,*****,1979,670
"Cullman County, Alabama",82471,*****,349,301
"DeKalb County, Alabama",70900,*****,1484,622
"Etowah County, Alabama",102564,*****,1539,825
"Houston County, Alabama",104056,*****,1826,412
"Jefferson County, Alabama",659521,*****,13001,3436
"Lauderdale County, Alabama",92318,*****,1178,752
"Lee County, Alabama",158991,*****,2039,1126
"Limestone County, Alabama",92753,*****,1238,647
"Madison County, Alabama",356967,*****,9538,2058
"Marshall County, Alabama",95157,*****,971,295
"Mobile County, Alabama",414836,*****,6837,1682
"Montgomery County, Alabama",226349,*****,4559,2177
"Morgan County, Alabama",119012,*****,2609,1224
"Shelby County, Alabama",210622,*****,4331,1343
"Talladega County, Alabama",80103,*****,424,267
"Tuscaloosa County, Alabama",206102,*****,1510,861
"Anchorage Municipality, Alaska",298192,*****,29445,3905
"Fairbanks North Star Borough, Alaska",100605,*****,6350,1738
"Matanuska-Susitna Borough, Alaska",104365,*****,9538,1551
"Apache County, Arizona",73112,*****,2185,1035
"Cochise County, Arizona",125770,*****,3224,1197
"Coconino County, Arizona",140908,*****,4537,1425
"Maricopa County, Arizona",4242997,*****,119708,8121
"Mohave County, Arizona",205249,*****,5087,1566
"Navajo County, Arizona",110026,*****,3995,1252
"Pima County, Arizona",1016206,*****,39714,5660
"Pinal County, Arizona",418540,*****,11392,2478
"Yavapai County, Arizona",225562,*****,4140,972
"Yuma County, Arizona",205631,*****,4553,1517
"Benton County, Arkansas",258291,*****,7948,1439
"Craighead County, Arkansas",105835,*****,2284,1120
"Faulkner County, Arkansas",122227,*****,3453,961
"Garland County, Arkansas",97477,*****,1343,846
"Jefferson County, Arkansas",70016,*****,582,446
"Lonoke County, Arkansas",72228,*****,1748,756
"Pulaski County, Arkansas",393250,*****,9695,2434
"Saline County, Arkansas",118703,*****,1556,780
"Sebastian County, Arkansas",127793,*****,4093,1117
"Washington County, Arkansas",228049,*****,6046,1416
"Alameda County, California",1647704,*****,83992,5550
"Butte County, California",226864,*****,10065,1723
"Contra Costa County, California",1135127,*****,71005,7590
"El Dorado County, California",185625,*****,5038,1634
"Fresno County, California",979915,*****,27126,4569
"Humboldt County, California",136646,*****,9404,1716
"Imperial County, California",180883,*****,4608,1985
"Kern County, California",884788,*****,23799,3788
"Kings County, California",149785,*****,4964,1681
"Lake County, California",64116,*****,1968,949
"Los Angeles County, California",10137915,*****,286703,11179
"Madera County, California",154697,*****,4671,1415
"Marin County, California",260651,*****,11755,1837
"Mendocino County, California",87628,*****,5072,1401
"Merced County, California",268672,*****,4382,1609
"Monterey County, California",435232,*****,15385,2068
"Napa County, California",142166,*****,4054,926
"Nevada County, California",99107,*****,3353,559
"Orange County, California",3172532,*****,97378,7205
"Placer County, California",380531,*****,18684,2861
"Riverside County, California",2387741,*****,79732,6899
"Sacramento County, California",1514460,*****,92838,5993
"San Bernardino County, California",2140096,*****,75259,8275
"San Diego County, California",3317749,*****,141311,8288
"San Francisco County, California",870887,*****,39348,3169
"San Joaquin County, California",733709,*****,57973,6038
"San Luis Obispo County, California",282887,*****,7572,1838
"San Mateo County, California",764797,*****,33841,4016
"Santa Barbara County, California",446170,*****,16338,2707
"Santa Clara County, California",1919402,*****,77556,5660
"Santa Cruz County, California",274673,*****,9184,1850
"Shasta County, California",179631,*****,8618,1385
"Solano County, California",440207,*****,32340,4049
"Sonoma County, California",503070,*****,21210,3658
"Stanislaus County, California",541560,*****,17240,3047
"Sutter County, California",96651,*****,5937,2743
"Tulare County, California",460437,*****,9484,2052
"Ventura County, California",849738,*****,33625,4443
"Yolo County, California",215802,*****,12407,3005
"Yuba County, California",75275,*****,6663,1777
"Adams County, Colorado",498187,*****,15051,3116
"Arapahoe County, Colorado",637068,*****,19378,3600
"Boulder County, Colorado",322226,*****,6809,1210
"Broomfield County, Colorado",66529,*****,2022,776
"Denver County, Colorado",693060,*****,19143,2853
"Douglas County, Colorado",328632,*****,7403,1548
"El Paso County, Colorado",688284,*****,34556,4597
"Jefferson County, Colorado",571837,*****,11145,1690
"Larimer County, Colorado",339993,*****,9764,2367
"Mesa County, Colorado",150083,*****,3581,817
"Pueblo County, Colorado",165123,*****,3754,1077
"Weld County, Colorado",294932,*****,5569,1007
"Fairfield County, Connecticut",944177,*****,21628,3032
"Hartford County, Connecticut",892389,*****,22549,3721
"Litchfield County, Connecticut",182571,*****,1933,912
"Middlesex County, Connecticut",163329,*****,2649,997
"New Haven County, Connecticut",856875,*****,23184,3832
"New London County, Connecticut",269801,*****,10502,2516
"Tolland County, Connecticut",151118,*****,1863,654
"Windham County, Connecticut",116192,*****,4179,1231
"Kent County, Delaware",174827,*****,7711,2391
"New Castle County, Delaware",556987,*****,12541,2486
"Sussex County, Delaware",220251,*****,3347,1110
"District of Columbia, District of Columbia",681170,*****,15608,2127
"Alachua County, Florida",263496,*****,6320,1931
"Bay County, Florida",183974,*****,5566,1358
"Brevard County, Florida",579130,*****,15680,2942
"Broward County, Florida",1909632,*****,49013,6025
"Charlotte County, Florida",178465,*****,2508,1097
"Citrus County, Florida",143621,*****,828,467
"Clay County, Florida",208311,*****,9020,2503
"Collier County, Florida",365136,*****,2915,1248
"Columbia County, Florida",69299,*****,825,623
"Duval County, Florida",926255,*****,33336,5302
"Escambia County, Florida",315187,*****,12250,2714
"Flagler County, Florida",108310,*****,1156,940
"Hernando County, Florida",182835,*****,4784,1475
"Highlands County, Florida",100917,*****,1412,932
"Hillsborough County, Florida",1376238,*****,41189,6084
"Indian River County, Florida",151563,*****,4906,2604
"Lake County, Florida",335396,*****,6294,1617
"Lee County, Florida",722336,*****,10517,2561
"Leon County, Florida",287822,*****,7618,2524
"Manatee County, Florida",375888,*****,4926,1596
"Marion County, Florida",349020,*****,8910,2154
"Martin County, Florida",158701,*****,1863,940
"Miami-Dade County, Florida",2712945,*****,28646,4668
"Monroe County, Florida",79077,*****,273,230
"Okaloosa County, Florida",201170,*****,9609,1665
"Orange County, Florida",1314367,*****,32570,5599
"Osceola County, Florida",336015,*****,9188,3281
"Palm Beach County, Florida",1443810,*****,24721,4824
"Pasco County, Florida",512368,*****,10152,1752
"Pinellas County, Florida",960730,*****,23709,4256
"Polk County, Florida",666149,*****,12911,3000
"St. Johns County, Florida",235087,*****,4192,1487
"St. Lucie County, Florida",306507,*****,4674,1972
"Santa Rosa County, Florida",170497,*****,6956,2155
"Sarasota County, Florida",412569,*****,6964,1835
"Seminole County, Florida",455479,*****,13852,3209
"Sumter County, Florida",123996,*****,2446,1108
"Volusia County, Florida",529364,*****,11443,2948
"Walton County, Florida",65889,*****,1666,643
"Barrow County, Georgia",77126,*****,1567,676
"Bartow County, Georgia",103807,*****,1047,645
"Bibb County, Georgia",152760,*****,3887,1997
"Bulloch County, Georgia",74722,*****,1768,861
"Carroll County, Georgia",116261,*****,2152,1381
"Chatham County, Georgia",289082,*****,10160,2767
"Cherokee County, Georgia",241689,*****,4231,1467
"Clarke County, Georgia",124707,*****,2167,810
"Clayton County, Georgia",279462,*****,7657,3495
"Cobb County, Georgia",748150,*****,21885,4224
"Columbia County, Georgia",147450,*****,5175,2021
"Coweta County, Georgia",140526,*****,3895,1381
"DeKalb County, Georgia",740321,*****,12893,2352
"Dougherty County, Georgia",90017,*****,1589,1082
"Douglas County, Georgia",142224,*****,1915,957
"Fayette County, Georgia",111627,*****,2916,1516
"Floyd County, Georgia",96560,*****,2002,868
"Forsyth County, Georgia",221009,*****,4009,1416
"Fulton County, Georgia",1023336,*****,26860,4868
"Glynn County, Georgia",84502,*****,1999,1275
"Gwinnett County, Georgia",907135,*****,20517,4120
"Hall County, Georgia",196637,*****,3667,1830
"Henry County, Georgia",221768,*****,4905,2176
"Houston County, Georgia",152122,*****,4890,1869
"Liberty County, Georgia",62570,*****,3358,1297
"Lowndes County, Georgia",114628,*****,1277,912
"Muscogee County, Georgia",197485,*****,7579,2795
"Paulding County, Georgia",155825,*****,2373,1065
"Richmond County, Georgia",201647,*****,2518,1232
"Rockdale County, Georgia",89355,*****,851,660
"Troup County, Georgia",70005,*****,862,550
"Walton County, Georgia",90184,*****,592,471
"Whitfield County, Georgia",104589,*****,1136,912
"Hawaii County, Hawaii",198449,*****,54328,4874
"Honolulu County, Hawaii",992605,*****,228948,10552
"Kauai County, Hawaii",72029,*****,17235,2751
"Maui County, Hawaii",165379,53,31970,4348
"Ada County, Idaho",444028,*****,11821,2461
"Bannock County, Idaho",84377,*****,2135,979
"Bonneville County, Idaho",112232,*****,2391,667
"Canyon County, Idaho",211698,*****,4333,1473
"Kootenai County, Idaho",154311,*****,2882,903
"Twin Falls County, Idaho",83514,*****,784,531
"Champaign County, Illinois",208419,*****,5810,1389
"Cook County, Illinois",5203499,*****,97529,7494
"DeKalb County, Illinois",104528,*****,3037,1114
"DuPage County, Illinois",929368,*****,19508,3001
"Kane County, Illinois",531715,*****,7584,2015
"Kankakee County, Illinois",110008,*****,954,701
"Kendall County, Illinois",124695,*****,1943,1176
"Lake County, Illinois",703047,*****,14953,2670
"LaSalle County, Illinois",110642,*****,1504,563
"McHenry County, Illinois",307004,*****,6067,1696
"McLean County, Illinois",172418,*****,3416,999
"Macon County, Illinois",106550,*****,7907,1565
"Madison County, Illinois",265759,*****,4009,1286
"Peoria County, Illinois",185006,*****,5074,1860
"Rock Island County, Illinois",144784,*****,4439,1240
"St. Clair County, Illinois",262759,*****,6694,2418
"Sangamon County, Illinois",197499,*****,4318,1032
"Tazewell County, Illinois",134385,*****,1443,804
"Vermilion County, Illinois",78111,*****,1397,1048
"Will County, Illinois",689529,*****,16475,2877
"Winnebago County, Illinois",285873,*****,9595,2292
"Allen County, Indiana",370404,*****,11010,2046
"Bartholomew County, Indiana",81402,*****,1273,482
"Clark County, Indiana",116031,*****,5597,1217
"Delaware County, Indiana",115603,*****,2105,924
"Elkhart County, Indiana",203781,*****,4280,1283
"Floyd County, Indiana",76990,*****,1780,650
"Grant County, Indiana",66937,*****,1686,873
"Hamilton County, Indiana",316373,*****,7571,1756
"Hendricks County, Indiana",160610,*****,1477,958
"Howard County, Indiana",82568,*****,1081,715
"Johnson County, Indiana",151982,*****,458,367
"Kosciusko County, Indiana",79092,*****,1040,348
"Lake County, Indiana",485846,*****,8466,1664
"LaPorte County, Indiana",110015,*****,2240,979
"Madison County, Indiana",129296,*****,4247,1420
"Marion County, Indiana",941229,*****,29225,4804
"Monroe County, Indiana",145496,*****,5204,1309
"Porter County, Indiana",167791,*****,4240,1198
"St. Joseph County, Indiana",269141,*****,6643,1948
"Tippecanoe County, Indiana",188059,*****,3181,1505
"Vanderburgh County, Indiana",181721,*****,5124,1376
"Vigo County, Indiana",107931,*****,3571,1145
"Wayne County, Indiana",66568,*****,1918,715
"Black Hawk County, Iowa",132904,*****,1760,698
"Dallas County, Iowa",84516,*****,2454,988
"Dubuque County, Iowa",97003,*****,1070,534
"Johnson County, Iowa",146547,*****,2304,843
"Linn County, Iowa",221661,*****,4771,1288
"Polk County, Iowa",474045,*****,12209,1974
"Pottawattamie County, Iowa",93582,*****,839,579
"Scott County, Iowa",172474,*****,2283,1067
"Story County, Iowa",97090,*****,2496,1001
"Woodbury County, Iowa",102779,*****,3631,873
"Butler County, Kansas",67025,*****,1488,534
"Douglas County, Kansas",119440,*****,5324,1312
"Johnson County, Kansas",584451,*****,17415,2443
"Leavenworth County, Kansas",80204,*****,1639,734
"Riley County, Kansas",73343,*****,3048,1399
"Sedgwick County, Kansas",511995,*****,22507,3325
"Shawnee County, Kansas",178146,*****,5634,1616
"Wyandotte County, Kansas",163831,*****,6157,2135
"Boone County, Kentucky",128536,*****,3345,1761
"Campbell County, Kentucky",92211,*****,1071,336
"Christian County, Kentucky",72351,*****,1669,850
"Daviess County, Kentucky",99674,*****,1670,615
"Fayette County, Kentucky",318449,*****,8715,1904
"Hardin County, Kentucky",107316,*****,5182,1396
"Jefferson County, Kentucky",765352,*****,18632,2878
"Kenton County, Kentucky",164945,*****,4182,1085
"Madison County, Kentucky",89547,*****,1344,772
"Oldham County, Kentucky",65560,*****,1938,541
"Warren County, Kentucky",125532,*****,2019,1285
"Bossier Parish, Louisiana",126057,*****,2280,799
"Caddo Parish, Louisiana",248851,*****,3352,1324
"Calcasieu Parish, Louisiana",200601,*****,3975,1740
"East Baton Rouge Parish, Louisiana",447037,*****,7209,1604
"Iberia Parish, Louisiana",73273,*****,1800,1087
"Jefferson Parish, Louisiana",436523,*****,6548,1924
"Lafayette Parish, Louisiana",241398,*****,5081,2160
"Lafourche Parish, Louisiana",98305,*****,1581,754
"Orleans Parish, Louisiana",391495,*****,6859,1343
"Ouachita Parish, Louisiana",156983,*****,1363,750
"Rapides Parish, Louisiana",132424,*****,2522,921
"St. Tammany Parish, Louisiana",253602,*****,5705,2203
"Tangipahoa Parish, Louisiana",130710,*****,3659,1655
"Terrebonne Parish, Louisiana",113220,*****,1989,850
"Androscoggin County, Maine",107319,*****,3548,954
"Aroostook County, Maine",67959,*****,1282,369
"Cumberland County, Maine",292041,*****,6839,1770
"Kennebec County, Maine",120569,*****,1553,575
"Penobscot County, Maine",151806,*****,3621,697
"York County, Maine",202343,*****,1523,930
"Allegany County, Maryland",72130,*****,974,306
"Anne Arundel County, Maryland",568346,*****,23424,3724
"Baltimore County, Maryland",831026,*****,19256,3775
"Calvert County, Maryland",91251,*****,2733,1273
"Carroll County, Maryland",167656,*****,2605,893
"Cecil County, Maryland",102603,*****,2226,904
"Charles County, Maryland",157705,*****,8452,2950
"Frederick County, Maryland",247591,*****,5233,1368
"Harford County, Maryland",251032,*****,8809,1849
"Howard County, Maryland",317233,*****,11826,2429
"Montgomery County, Maryland",1043863,*****,37218,4968
"Prince George's County, Maryland",908049,*****,24139,4072
"Washington County, Maryland",150292,*****,4965,1336
"Wicomico County, Maryland",102577,*****,2747,1081
"Baltimore city, Maryland",614664,*****,13394,2864
"Barnstable County, Massachusetts",214276,*****,3725,1287
"Berkshire County, Massachusetts",126903,*****,2812,1147
"Bristol County, Massachusetts",558324,*****,9808,1829
"Essex County, Massachusetts",779018,*****,17679,3380
"Franklin County, Massachusetts",70382,*****,1958,616
"Hampden County, Massachusetts",468467,*****,10413,2880
"Hampshire County, Massachusetts",161816,*****,4797,1167
"Middlesex County, Massachusetts",1589774,*****,34442,3800
"Norfolk County, Massachusetts",697181,*****,15120,3080
"Plymouth County, Massachusetts",513565,*****,8312,1662
"Suffolk County, Massachusetts",784230,*****,54538,7280
"Worcester County, Massachusetts",819589,*****,16485,2120
"Allegan County, Michigan",115548,*****,2791,613
"Bay County, Michigan",104747,*****,1945,549
"Berrien County, Michigan",154010,*****,4785,1289
"Calhoun County, Michigan",134386,*****,6041,1625
"Clinton County, Michigan",77888,*****,1440,383
"Eaton County, Michigan",109160,*****,3817,1153
"Genesee County, Michigan",408615,*****,13034,2440
"Grand Traverse County, Michigan",92084,*****,1893,760
"Ingham County, Michigan",288051,*****,13417,2489
"Isabella County, Michigan",71282,*****,3849,765
"Jackson County, Michigan",158460,*****,3512,1044
"Kalamazoo County, Michigan",261654,*****,11040,2131
"Kent County, Michigan",642173,*****,23093,3618
"Lapeer County, Michigan",88340,*****,1303,396
"Lenawee County, Michigan",98504,*****,1916,578
"Livingston County, Michigan",188624,*****,2448,564
"Macomb County, Michigan",867730,*****,20379,2902
"Marquette County, Michigan",66435,*****,2646,342
"Midland County, Michigan",83462,*****,1752,705
"Monroe County, Michigan",149208,*****,1794,865
"Muskegon County, Michigan",173408,*****,5668,1464
"Oakland County, Michigan",1243970,*****,38044,5154
"Ottawa County, Michigan",282250,*****,8230,1218
"Saginaw County, Michigan",192326,*****,4856,1577
"St. Clair County, Michigan",159587,*****,3708,852
"Shiawassee County, Michigan",68554,*****,1247,226
"Van Buren County, Michigan",75223,*****,2584,475
"Washtenaw County, Michigan",364709,*****,16102,3360
"Wayne County, Michigan",1749366,*****,42463,6054
"Anoka County, Minnesota",345957,*****,10155,2204
"Blue Earth County, Minnesota",66441,*****,1544,845
"Carver County, Minnesota",100262,*****,1124,619
"Dakota County, Minnesota",417486,*****,12609,1955
"Hennepin County, Minnesota",1232483,*****,39844,4410
"Olmsted County, Minnesota",153102,*****,2692,1134
"Ramsey County, Minnesota",540649,*****,24764,3868
"Rice County, Minnesota",65622,*****,1416,1020
"St. Louis County, Minnesota",199980,*****,4131,774
"Scott County, Minnesota",143680,*****,5087,1511
"Sherburne County, Minnesota",93528,*****,2143,757
"Stearns County, Minnesota",155652,*****,2055,906
"Washington County, Minnesota",253117,*****,6333,1635
"Wright County, Minnesota",132550,*****,1486,861
"DeSoto County, Mississippi",175611,*****,2485,1295
"Harrison County, Mississippi",203234,*****,5208,2042
"Hinds County, Mississippi",241229,*****,1129,549
"Jackson County, Mississippi",141241,*****,1889,1144
"Lee County, Mississippi",85381,*****,1390,919
"Madison County, Mississippi",105114,*****,1007,831
"Rankin County, Mississippi",150228,*****,965,508
"Boone County, Missouri",176594,*****,4853,1698
"Buchanan County, Missouri",88938,*****,3112,1260
"Cape Girardeau County, Missouri",78913,*****,2199,1261
"Cass County, Missouri",102845,*****,3692,761
"Clay County, Missouri",239085,*****,5626,1206
"Cole County, Missouri",76631,*****,1846,1025
"Franklin County, Missouri",102838,*****,1330,652
"Greene County, Missouri",288690,*****,6807,1491
"Jackson County, Missouri",691801,*****,20877,4197
"Jasper County, Missouri",119111,*****,2441,1078
"Jefferson County, Missouri",224226,*****,2895,1062
"Platte County, Missouri",98309,*****,2626,791
"St. Charles County, Missouri",390918,*****,8710,2353
"St. Louis County, Missouri",998581,*****,24206,3774
"St. Louis city, Missouri",311404,*****,6174,1748
"Cascade County, Montana",81755,*****,3313,1014
"Flathead County, Montana",98082,*****,2948,842
"Gallatin County, Montana",104502,*****,2195,765
"Lewis and Clark County, Montana",67282,*****,2009,718
"Missoula County, Montana",116130,*****,3077,1145
"Yellowstone County, Montana",158437,*****,4992,1563
"Douglas County, Nebraska",554995,*****,15525,2170
"Lancaster County, Nebraska",309637,*****,9548,3092
"Sarpy County, Nebraska",179023,*****,5698,1045
"Clark County, Nevada",2155664,*****,92321,7763
"Washoe County, Nevada",453616,*****,17107,3377
"Cheshire County, New Hampshire",75774,*****,1143,458
"Grafton County, New Hampshire",88888,*****,1588,724
"Hillsborough County, New Hampshire",407761,*****,9054,1843
"Merrimack County, New Hampshire",148582,*****,3676,982
"Rockingham County, New Hampshire",303251,*****,4921,1018
"Strafford County, New Hampshire",127428,*****,2403,615
"Atlantic County, New Jersey",270991,*****,4878,1745
"Bergen County, New Jersey",939151,*****,23010,3942
"Burlington County, New Jersey",449284,*****,14953,2250
"Camden County, New Jersey",510150,*****,12373,2847
"Cape May County, New Jersey",94430,*****,2593,1491
"Cumberland County, New Jersey",153797,*****,4974,1637
"Essex County, New Jersey",796914,*****,17581,4401
"Gloucester County, New Jersey",292330,*****,6453,1826
"Hudson County, New Jersey",677983,*****,15631,2725
"Hunterdon County, New Jersey",124676,*****,1064,596
"Mercer County, New Jersey",371023,*****,6563,1783
"Middlesex County, New Jersey",837073,*****,14095,2900
"Monmouth County, New Jersey",625846,*****,8630,1700
"Morris County, New Jersey",498423,*****,8046,1824
"Ocean County, New Jersey",592497,*****,7201,1796
"Passaic County, New Jersey",507945,*****,10368,2559
"Salem County, New Jersey",63436,*****,1838,1048
"Somerset County, New Jersey",333751,*****,5623,1622
"Sussex County, New Jersey",142522,*****,2115,678
"Union County, New Jersey",555630,*****,10584,2093
"Warren County, New Jersey",106617,*****,1477,639
"Bernalillo County, New Mexico",676953,*****,13957,2836
"Chaves County, New Mexico",65282,*****,79,167
"Do√±a Ana County, New Mexico",214207,*****,1802,767
"Lea County, New Mexico",69749,*****,1479,836
"McKinley County, New Mexico",74923,*****,570,425
"Otero County, New Mexico",65410,*****,2472,1561
"Sandoval County, New Mexico",142025,*****,5113,1324
"San Juan County, New Mexico",115079,*****,2709,1139
"Santa Fe County, New Mexico",148651,*****,2166,871
"Valencia County, New Mexico",75626,*****,1361,723
"Albany County, New York",308846,*****,10586,2291
"Bronx County, New York",1455720,*****,34105,5554
"Broome County, New York",195334,*****,6396,1585
"Cattaraugus County, New York",77677,*****,1122,379
"Cayuga County, New York",77861,*****,1611,571
"Chautauqua County, New York",129504,*****,2034,610
"Chemung County, New York",86322,*****,3012,970
"Clinton County, New York",81073,*****,1074,475
"Dutchess County, New York",294473,*****,7537,2373
"Erie County, New York",921046,*****,17692,2714
"Jefferson County, New York",114006,*****,3792,1023
"Kings County, New York",2629150,*****,65872,5955
"Livingston County, New York",64257,*****,814,394
"Madison County, New York",71329,*****,872,344
"Monroe County, New York",747727,*****,18315,3273
"Nassau County, New York",1361500,*****,30351,4920
"New York County, New York",1643734,*****,54918,7299
"Niagara County, New York",211758,*****,6313,1517
"Oneida County, New York",231190,*****,6791,1651
"Onondaga County, New York",466194,*****,16393,2427
"Ontario County, New York",109828,*****,1395,636
"Orange County, New York",379210,*****,12624,2969
"Oswego County, New York",118987,*****,2156,457
"Putnam County, New York",98900,*****,1776,771
"Queens County, New York",2333054,*****,54274,6079
"Rensselaer County, New York",160070,*****,5410,1192
"Richmond County, New York",476015,*****,8199,2208
"Rockland County, New York",326780,*****,5179,1545
"St. Lawrence County, New York",110038,*****,1576,599
"Saratoga County, New York",227053,*****,4496,1447
"Schenectady County, New York",154553,*****,5093,1662
"Steuben County, New York",96940,*****,1375,442
"Suffolk County, New York",1492583,*****,21452,3380
"Sullivan County, New York",74801,*****,2489,1071
"Tompkins County, New York",104871,*****,3978,1046
"Ulster County, New York",179225,*****,6207,1921
"Warren County, New York",64567,*****,834,318
"Wayne County, New York",90798,*****,1869,495
"Westchester County, New York",974542,*****,20156,3585
"Alamance County, North Carolina",159688,*****,2718,978
"Brunswick County, North Carolina",126953,*****,3023,2134
"Buncombe County, North Carolina",256088,*****,5295,1603
"Burke County, North Carolina",88851,*****,1023,698
"Cabarrus County, North Carolina",201590,*****,5018,1609
"Caldwell County, North Carolina",81449,*****,1098,914
"Carteret County, North Carolina",68890,*****,2044,561
"Catawba County, North Carolina",156459,*****,2450,1140
"Chatham County, North Carolina",72243,*****,2545,1053
"Cleveland County, North Carolina",97144,*****,658,392
"Craven County, North Carolina",103445,*****,4174,2364
"Cumberland County, North Carolina",327127,*****,17046,2672
"Davidson County, North Carolina",164926,*****,4421,1585
"Durham County, North Carolina",306212,*****,7454,1962
"Forsyth County, North Carolina",371511,*****,7758,2261
"Gaston County, North Carolina",216965,*****,4215,1808
"Guilford County, North Carolina",521330,*****,10700,2807
"Harnett County, North Carolina",130881,*****,4909,1335
"Henderson County, North Carolina",114209,*****,825,474
"Iredell County, North Carolina",172916,*****,1867,816
"Johnston County, North Carolina",191450,*****,4883,1582
"Lincoln County, North Carolina",81168,*****,977,702
"Mecklenburg County, North Carolina",1054835,*****,24054,3256
"Moore County, North Carolina",95776,*****,1244,1159
"Nash County, North Carolina",94005,*****,1412,1019
"New Hanover County, North Carolina",223483,*****,6187,1804
"Onslow County, North Carolina",187136,*****,13750,2530
"Orange County, North Carolina",141796,*****,5444,1802
"Pitt County, North Carolina",177220,*****,4237,1714
"Randolph County, North Carolina",143416,*****,2367,796
"Robeson County, North Carolina",133235,*****,2011,965
"Rockingham County, North Carolina",91393,*****,2268,1258
"Rowan County, North Carolina",139933,*****,2526,932
"Rutherford County, North Carolina",66421,*****,948,795
"Surry County, North Carolina",72113,*****,1046,679
"Union County, North Carolina",226606,*****,4954,1466
"Wake County, North Carolina",1046791,*****,28048,4232
"Wayne County, North Carolina",124150,*****,4350,1585
"Wilkes County, North Carolina",68740,*****,1364,630
"Wilson County, North Carolina",81661,*****,2025,939
"Burleigh County, North Dakota",94487,*****,1242,831
"Cass County, North Dakota",175249,*****,5051,1723
"Grand Forks County, North Dakota",71083,*****,2051,978
"Ward County, North Dakota",70210,*****,2216,1064
"Allen County, Ohio",103742,*****,3239,1168
"Ashtabula County, Ohio",98231,*****,2507,904
"Athens County, Ohio",66186,*****,2427,685
"Butler County, Ohio",377537,*****,9963,2715
"Clark County, Ohio",134786,*****,6143,1020
"Clermont County, Ohio",203022,*****,2626,802
"Columbiana County, Ohio",103685,*****,1347,542
"Cuyahoga County, Ohio",1249352,*****,38539,4865
"Delaware County, Ohio",196463,*****,3908,1404
"Erie County, Ohio",75107,*****,2376,1114
"Fairfield County, Ohio",152597,*****,4579,1498
"Franklin County, Ohio",1264518,*****,45547,6197
"Greene County, Ohio",164765,*****,5104,1518
"Hamilton County, Ohio",809099,*****,22356,3897
"Hancock County, Ohio",75872,*****,1667,407
"Lake County, Ohio",228614,*****,4819,1646
"Licking County, Ohio",172198,*****,4265,1209
"Lorain County, Ohio",306365,*****,8943,1936
"Lucas County, Ohio",432488,*****,14618,2246
"Mahoning County, Ohio",230008,*****,6762,2087
"Medina County, Ohio",177221,*****,3135,664
"Miami County, Ohio",104679,*****,2009,791
"Montgomery County, Ohio",531239,*****,16137,2416
"Portage County, Ohio",161921,*****,3562,1017
"Richland County, Ohio",121107,*****,2168,753
"Stark County, Ohio",373612,*****,11409,2141
"Summit County, Ohio",540300,*****,15289,2590
"Trumbull County, Ohio",201825,*****,4397,1587
"Warren County, Ohio",227063,*****,2797,1126
"Wayne County, Ohio",116470,*****,1801,611
"Wood County, Ohio",130219,*****,2186,817
"Canadian County, Oklahoma",136532,*****,6190,1411
"Cleveland County, Oklahoma",278655,*****,18485,2276
"Comanche County, Oklahoma",122136,*****,10042,1692
"Creek County, Oklahoma",71312,*****,4138,906
"Muskogee County, Oklahoma",69477,*****,6471,1525
"Oklahoma County, Oklahoma",782970,*****,47401,4415
"Payne County, Oklahoma",81131,*****,3656,1049
"Pottawatomie County, Oklahoma",72290,*****,3283,814
"Rogers County, Oklahoma",91766,*****,8895,1173
"Tulsa County, Oklahoma",642940,*****,49940,3382
"Wagoner County, Oklahoma",77679,*****,6979,1112
"Benton County, Oregon",89385,*****,3531,937
"Clackamas County, Oregon",408062,*****,16014,2742
"Deschutes County, Oregon",181307,*****,5412,949
"Douglas County, Oregon",108457,*****,4733,726
"Jackson County, Oregon",216527,*****,7883,1976
"Josephine County, Oregon",85904,*****,1417,841
"Klamath County, Oregon",66443,*****,2725,1001
"Lane County, Oregon",369519,*****,18450,2214
"Linn County, Oregon",122849,*****,4260,876
"Marion County, Oregon",336316,*****,29248,5759
"Multnomah County, Oregon",799766,*****,39472,4134
"Polk County, Oregon",81823,*****,2369,922
"Umatilla County, Oregon",76456,*****,3823,905
"Washington County, Oregon",582779,*****,29302,4300
"Yamhill County, Oregon",105035,*****,4763,1074
"Adams County, Pennsylvania",102180,*****,2360,531
"Allegheny County, Pennsylvania",1225365,*****,35548,4591
"Beaver County, Pennsylvania",167429,*****,4722,1400
"Berks County, Pennsylvania",414812,*****,25532,4440
"Blair County, Pennsylvania",124650,*****,1435,529
"Bucks County, Pennsylvania",626399,*****,11838,2413
"Butler County, Pennsylvania",186847,*****,2082,768
"Cambria County, Pennsylvania",134732,*****,3669,1087
"Centre County, Pennsylvania",161464,*****,2815,912
"Chester County, Pennsylvania",516312,*****,10521,2356
"Clearfield County, Pennsylvania",80596,*****,391,382
"Columbia County, Pennsylvania",66420,*****,503,345
"Crawford County, Pennsylvania",86257,*****,1230,319
"Cumberland County, Pennsylvania",248506,*****,3753,1279
"Dauphin County, Pennsylvania",273707,*****,6059,1677
"Delaware County, Pennsylvania",563402,*****,12275,2188
"Erie County, Pennsylvania",276207,*****,6146,1440
"Fayette County, Pennsylvania",132733,*****,3597,804
"Franklin County, Pennsylvania",153851,*****,1544,1054
"Indiana County, Pennsylvania",86364,*****,704,481
"Lackawanna County, Pennsylvania",211321,*****,4817,1720
"Lancaster County, Pennsylvania",538500,*****,11247,1875
"Lawrence County, Pennsylvania",87294,*****,1208,510
"Lebanon County, Pennsylvania",138863,*****,1316,753
"Lehigh County, Pennsylvania",363147,*****,8653,1995
"Luzerne County, Pennsylvania",316383,*****,4539,1194
"Lycoming County, Pennsylvania",115248,*****,2452,887
"Mercer County, Pennsylvania",112913,*****,2112,751
"Monroe County, Pennsylvania",166098,*****,4172,1907
"Montgomery County, Pennsylvania",821725,*****,19596,2615
"Northampton County, Pennsylvania",302294,*****,8241,3196
"Northumberland County, Pennsylvania",92541,*****,918,420
"Philadelphia County, Pennsylvania",1567872,*****,40387,5480
"Schuylkill County, Pennsylvania",143573,*****,1534,801
"Somerset County, Pennsylvania",75061,*****,689,229
"Washington County, Pennsylvania",207981,*****,3916,1024
"Westmoreland County, Pennsylvania",355458,*****,4417,1102
"York County, Pennsylvania",443744,*****,9667,2137
"Kent County, Rhode Island",164614,*****,4253,1437
"Newport County, Rhode Island",82784,*****,1646,890
"Providence County, Rhode Island",633673,*****,18425,3266
"Washington County, Rhode Island",126288,*****,1268,516
"Aiken County, South Carolina",167458,*****,3163,1696
"Anderson County, South Carolina",196569,*****,3126,1064
"Beaufort County, South Carolina",183149,*****,3709,1301
"Berkeley County, South Carolina",210898,*****,5766,1426
"Charleston County, South Carolina",396484,*****,6989,2254
"Dorchester County, South Carolina",153773,*****,5709,2391
"Florence County, South Carolina",138742,*****,1514,881
"Greenville County, South Carolina",498766,*****,9061,2381
"Greenwood County, South Carolina",70133,*****,839,1098
"Horry County, South Carolina",322342,*****,3433,1445
"Lancaster County, South Carolina",89594,*****,574,560
"Laurens County, South Carolina",66777,*****,1707,845
"Lexington County, South Carolina",286196,*****,7349,1842
"Oconee County, South Carolina",76355,*****,1674,670
"Orangeburg County, South Carolina",87903,*****,1384,900
"Pickens County, South Carolina",122863,*****,1461,805
"Richland County, South Carolina",409549,*****,10970,2551
"Spartanburg County, South Carolina",301463,*****,6709,1856
"Sumter County, South Carolina",107396,*****,1978,1302
"York County, South Carolina",258526,*****,5506,1977
"Minnehaha County, South Dakota",187318,*****,4765,1453
"Pennington County, South Dakota",109372,*****,4439,1448
"Anderson County, Tennessee",75936,*****,1413,764
"Blount County, Tennessee",128670,*****,2847,1091
"Bradley County, Tennessee",104490,*****,1333,853
"Davidson County, Tennessee",684410,*****,15092,3040
"Greene County, Tennessee",68615,*****,1303,901
"Hamilton County, Tennessee",357738,*****,6723,1930
"Knox County, Tennessee",456132,*****,7718,1734
"Madison County, Tennessee",97663,*****,971,504
"Maury County, Tennessee",89981,*****,2121,1128
"Montgomery County, Tennessee",195734,*****,6088,1457
"Putnam County, Tennessee",75931,*****,1768,1018
"Robertson County, Tennessee",69165,*****,1254,623
"Rutherford County, Tennessee",308251,*****,9140,2021
"Sevier County, Tennessee",96673,*****,2610,818
"Shelby County, Tennessee",934603,*****,16624,3860
"Sullivan County, Tennessee",156667,*****,3141,956
"Sumner County, Tennessee",180063,*****,3044,1212
"Washington County, Tennessee",127440,*****,2211,1038
"Williamson County, Tennessee",219107,*****,3638,1057
"Wilson County, Tennessee",132781,*****,1451,769
"Angelina County, Texas",87791,*****,519,513
"Bastrop County, Texas",82733,*****,997,1116
"Bell County, Texas",340411,*****,18097,2907
"Bexar County, Texas",1928680,*****,41290,4075
"Bowie County, Texas",93860,*****,2331,1136
"Brazoria County, Texas",354195,*****,6794,2232
"Brazos County, Texas",220417,*****,7826,3270
"Cameron County, Texas",422135,*****,1160,727
"Collin County, Texas",939585,*****,25900,4207
"Comal County, Texas",134788,*****,1652,442
"Coryell County, Texas",74686,*****,8703,1876
"Dallas County, Texas",2574984,*****,56059,6057
"Denton County, Texas",806180,*****,27116,3692
"Ector County, Texas",157462,*****,3416,1452
"Ellis County, Texas",168499,*****,5144,1715
"El Paso County, Texas",837918,*****,14958,4742
"Fort Bend County, Texas",741237,*****,11805,3378
"Galveston County, Texas",329431,*****,6162,2226
"Grayson County, Texas",128235,*****,5249,1297
"Gregg County, Texas",123745,*****,2068,1030
"Guadalupe County, Texas",155265,*****,3890,1087
"Harris County, Texas",4589928,*****,81651,8741
"Hays County, Texas",204470,*****,3653,1288
"Henderson County, Texas",79901,*****,1607,842
"Hidalgo County, Texas",849843,*****,2772,1403
"Hunt County, Texas",92073,*****,697,402
"Jefferson County, Texas",254679,*****,2144,900
"Johnson County, Texas",163274,*****,2650,932
"Kaufman County, Texas",118350,*****,1785,484
"Liberty County, Texas",81704,*****,409,329
"Lubbock County, Texas",303137,*****,5163,1555
"McLennan County, Texas",247934,*****,4380,1142
"Midland County, Texas",162565,*****,2108,1165
"Montgomery County, Texas",556203,*****,12130,4138
"Nueces County, Texas",361350,*****,3616,1243
"Orange County, Texas",84964,*****,777,442
"Parker County, Texas",129441,*****,1436,787
"Potter County, Texas",120832,*****,4088,1824
"Randall County, Texas",132501,*****,2579,1193
"Rockwall County, Texas",93978,*****,2961,1439
"San Patricio County, Texas",67655,*****,1202,584
"Smith County, Texas",225290,*****,3089,1265
"Tarrant County, Texas",2016872,*****,56820,5903
"Taylor County, Texas",136535,*****,2815,1310
"Tom Green County, Texas",118386,*****,1642,408
"Travis County, Texas",1199323,*****,34918,5523
"Victoria County, Texas",92467,*****,499,388
"Webb County, Texas",271193,*****,1628,1402
"Wichita County, Texas",131838,*****,4331,1414
"Williamson County, Texas",528718,*****,19502,3798
"Cache County, Utah",122753,*****,2183,951
"Davis County, Utah",342281,*****,8330,1801
"Salt Lake County, Utah",1121354,*****,30656,3785
"Utah County, Utah",592299,*****,16080,1900
"Washington County, Utah",160245,*****,2576,854
"Weber County, Utah",247560,*****,6391,1655
"Chittenden County, Vermont",161531,*****,3242,1232
"Albemarle County, Virginia",106878,*****,2464,895
"Arlington County, Virginia",230050,*****,8295,1827
"Bedford County, Virginia",77960,*****,917,556
"Chesterfield County, Virginia",339009,*****,10117,2289
"Fairfax County, Virginia",1138652,*****,43266,4106
"Fauquier County, Virginia",69069,*****,1608,631
"Frederick County, Virginia",84421,*****,2556,1016
"Hanover County, Virginia",104392,*****,2945,722
"Henrico County, Virginia",326501,*****,9664,2245
"James City County, Virginia",74404,*****,3157,1351
"Loudoun County, Virginia",385945,*****,16220,3251
"Montgomery County, Virginia",98602,*****,2336,1195
"Prince William County, Virginia",455210,*****,19931,2991
"Roanoke County, Virginia",94031,*****,1364,836
"Rockingham County, Virginia",79744,*****,1217,560
"Spotsylvania County, Virginia",132010,*****,4038,1099
"Stafford County, Virginia",144361,*****,5744,1878
"York County, Virginia",67976,*****,2104,934
"Alexandria city, Virginia",155810,*****,5269,2155
"Chesapeake city, Virginia",237940,*****,8906,2165
"Hampton city, Virginia",135410,*****,4180,1765
"Lynchburg city, Virginia",80212,*****,2185,1280
"Newport News city, Virginia",181825,*****,11014,2387
"Norfolk city, Virginia",245115,*****,8733,2083
"Portsmouth city, Virginia",95252,*****,3096,1035
"Richmond city, Virginia",223170,*****,7961,2517
"Roanoke city, Virginia",99660,*****,1467,728
"Suffolk city, Virginia",89273,*****,3199,1323
"Virginia Beach city, Virginia",452602,*****,23369,3907
"Benton County, Washington",193686,*****,4937,1628
"Chelan County, Washington",76338,*****,2749,1918
"Clallam County, Washington",74570,*****,3100,749
"Clark County, Washington",467018,*****,18959,2017
"Cowlitz County, Washington",105160,*****,5223,977
"Franklin County, Washington",90160,*****,2708,1329
"Grant County, Washington",93546,*****,2965,1184
"Grays Harbor County, Washington",71628,*****,2821,894
"Island County, Washington",82636,*****,3695,967
"King County, Washington",2149970,*****,129041,9252
"Kitsap County, Washington",264811,*****,19764,2578
"Lewis County, Washington",77066,*****,2378,779
"Pierce County, Washington",861312,*****,68667,6442
"Skagit County, Washington",123681,*****,3689,700
"Snohomish County, Washington",787620,*****,40255,3900
"Spokane County, Washington",499072,*****,19533,2927
"Thurston County, Washington",275222,*****,14666,1881
"Whatcom County, Washington",216800,*****,8297,1732
"Yakima County, Washington",249636,*****,6284,1880
"Berkeley County, West Virginia",113525,*****,1441,664
"Cabell County, West Virginia",95987,*****,1935,993
"Kanawha County, West Virginia",186241,*****,5608,1720
"Monongalia County, West Virginia",104622,*****,2083,962
"Raleigh County, West Virginia",76601,*****,2463,859
"Brown County, Wisconsin",260401,*****,6372,1681
"Dane County, Wisconsin",531273,*****,15845,2708
"Dodge County, Wisconsin",88068,*****,854,424
"Eau Claire County, Wisconsin",102965,*****,1555,684
"Fond du Lac County, Wisconsin",102144,*****,2079,733
"Jefferson County, Wisconsin",84625,*****,1866,626
"Kenosha County, Wisconsin",168183,*****,4228,1362
"La Crosse County, Wisconsin",118122,*****,2963,1106
"Manitowoc County, Wisconsin",79536,*****,1450,652
"Marathon County, Wisconsin",135603,*****,2449,562
"Milwaukee County, Wisconsin",951448,*****,32009,3810
"Outagamie County, Wisconsin",184526,*****,3141,1057
"Ozaukee County, Wisconsin",88314,*****,1141,727
"Portage County, Wisconsin",70447,*****,1248,611
"Racine County, Wisconsin",195140,*****,5115,2296
"Rock County, Wisconsin",161620,*****,4164,1223
"St. Croix County, Wisconsin",88029,*****,1304,462
"Sheboygan County, Wisconsin",115427,*****,1949,693
"Walworth County, Wisconsin",102959,*****,1559,473
"Washington County, Wisconsin",134296,*****,1334,717
"Waukesha County, Wisconsin",398424,*****,4827,1666
"Winnebago County, Wisconsin",169886,*****,2584,796
"Wood County, Wisconsin",73107,*****,922,413
"Laramie County, Wyoming",98136,*****,2998,1106
"Natrona County, Wyoming",81039,*****,1829,596
