Geography,Total; Estimate; Population 18 to 24 years,Total; Margin of Error; Population 18 to 24 years,Percent; Estimate; Population 18 to 24 years,Percent; Margin of Error; Population 18 to 24 years,Males; Estimate; Population 18 to 24 years,Males; Margin of Error; Population 18 to 24 years,Percent Males; Estimate; Population 18 to 24 years,Percent Males; Margin of Error; Population 18 to 24 years,Females; Estimate; Population 18 to 24 years,Females; Margin of Error; Population 18 to 24 years
"Baldwin County, Alabama",15621,1652,(X),(X),7827,991,(X),(X),7794,987
"Calhoun County, Alabama",11440,736,(X),(X),5643,567,(X),(X),5797,564
"Cullman County, Alabama",7002,420,(X),(X),3370,236,(X),(X),3632,423
"DeKalb County, Alabama",5564,706,(X),(X),2733,458,(X),(X),2831,426
"Elmore County, Alabama",6948,952,(X),(X),3503,552,(X),(X),3445,668
"Etowah County, Alabama",8798,644,(X),(X),4584,490,(X),(X),4214,357
"Houston County, Alabama",8150,218,(X),(X),4141,196,(X),(X),4009,98
"Jefferson County, Alabama",58627,450,(X),(X),28836,258,(X),(X),29791,356
"Lauderdale County, Alabama",10073,778,(X),(X),4926,634,(X),(X),5147,498
"Lee County, Alabama",29916,1234,(X),(X),14612,1154,(X),(X),15304,568
"Limestone County, Alabama",7522,939,(X),(X),3463,594,(X),(X),4059,602
"Madison County, Alabama",34226,939,(X),(X),17577,668,(X),(X),16649,769
"Marshall County, Alabama",7267,649,(X),(X),3790,565,(X),(X),3477,519
"Mobile County, Alabama",37976,709,(X),(X),18968,521,(X),(X),19008,427
"Montgomery County, Alabama",22724,371,(X),(X),11307,264,(X),(X),11417,228
"Morgan County, Alabama",9459,879,(X),(X),4944,569,(X),(X),4515,590
"St. Clair County, Alabama",6398,620,(X),(X),3035,268,(X),(X),3363,611
"Shelby County, Alabama",16231,800,(X),(X),8060,748,(X),(X),8171,323
"Talladega County, Alabama",6391,1159,(X),(X),3086,822,(X),(X),3305,876
"Tuscaloosa County, Alabama",34738,587,(X),(X),16557,375,(X),(X),18181,456
"Walker County, Alabama",5125,409,(X),(X),2726,309,(X),(X),2399,298
"Anchorage Municipality, Alaska",30695,929,(X),(X),17315,257,(X),(X),13380,857
"Fairbanks North Star Borough, Alaska",14987,1403,(X),(X),9713,1152,(X),(X),5274,882
"Matanuska-Susitna Borough, Alaska",9795,590,(X),(X),5226,445,(X),(X),4569,335
"Apache County, Arizona",6982,445,(X),(X),3375,300,(X),(X),3607,355
"Cochise County, Arizona",10138,379,(X),(X),5663,257,(X),(X),4475,228
"Coconino County, Arizona",29998,807,(X),(X),14320,574,(X),(X),15678,560
"Maricopa County, Arizona",396041,409,(X),(X),203535,261,(X),(X),192506,243
"Mohave County, Arizona",13112,1313,(X),(X),6784,820,(X),(X),6328,789
"Navajo County, Arizona",8553,646,(X),(X),4452,264,(X),(X),4101,582
"Pima County, Arizona",121619,5,(X),(X),62011,4,(X),(X),59608,3
"Pinal County, Arizona",32581,922,(X),(X),18250,663,(X),(X),14331,600
"Yavapai County, Arizona",16013,1263,(X),(X),8213,896,(X),(X),7800,832
"Yuma County, Arizona",23513,485,(X),(X),13869,427,(X),(X),9644,260
"Benton County, Arkansas",20576,545,(X),(X),10566,451,(X),(X),10010,303
"Craighead County, Arkansas",12218,1190,(X),(X),6730,783,(X),(X),5488,681
"Faulkner County, Arkansas",19181,944,(X),(X),8932,689,(X),(X),10249,607
"Garland County, Arkansas",7656,893,(X),(X),4197,732,(X),(X),3459,727
"Jefferson County, Arkansas",7388,597,(X),(X),3959,393,(X),(X),3429,360
"Lonoke County, Arkansas",5768,439,(X),(X),3003,278,(X),(X),2765,352
"Pulaski County, Arkansas",35507,980,(X),(X),17780,770,(X),(X),17727,589
"Saline County, Arkansas",9101,1205,(X),(X),4997,1171,(X),(X),4104,623
"Sebastian County, Arkansas",10715,952,(X),(X),5719,783,(X),(X),4996,668
"Washington County, Arkansas",35117,1332,(X),(X),17564,923,(X),(X),17553,852
"White County, Arkansas",9203,622,(X),(X),4295,451,(X),(X),4908,475
"Alameda County, California",143035,445,(X),(X),72111,276,(X),(X),70924,270
"Butte County, California",33430,680,(X),(X),16659,647,(X),(X),16771,846
"Contra Costa County, California",94402,704,(X),(X),48191,227,(X),(X),46211,595
"El Dorado County, California",13415,848,(X),(X),7319,515,(X),(X),6096,531
"Fresno County, California",100475,419,(X),(X),51391,206,(X),(X),49084,325
"Humboldt County, California",18358,1014,(X),(X),9016,632,(X),(X),9342,738
"Imperial County, California",19708,926,(X),(X),10475,568,(X),(X),9233,493
"Kern County, California",93724,895,(X),(X),50272,885,(X),(X),43452,188
"Kings County, California",16766,551,(X),(X),9791,403,(X),(X),6975,356
"Lake County, California",3219,759,(X),(X),1529,198,(X),(X),1690,758
"Los Angeles County, California",1006771,661,(X),(X),510326,440,(X),(X),496445,415
"Madera County, California",16151,697,(X),(X),7753,298,(X),(X),8398,754
"Marin County, California",17266,911,(X),(X),8610,580,(X),(X),8656,625
"Mendocino County, California",6386,290,(X),(X),3391,202,(X),(X),2995,214
"Merced County, California",30354,575,(X),(X),15500,479,(X),(X),14854,293
"Monterey County, California",45003,732,(X),(X),23507,550,(X),(X),21496,390
"Napa County, California",12919,436,(X),(X),6919,363,(X),(X),6000,256
"Nevada County, California",5656,669,(X),(X),2908,198,(X),(X),2748,650
"Orange County, California",300195,600,(X),(X),152723,584,(X),(X),147472,319
"Placer County, California",28508,904,(X),(X),14559,691,(X),(X),13949,573
"Riverside County, California",239190,535,(X),(X),122022,218,(X),(X),117168,630
"Sacramento County, California",133677,929,(X),(X),68719,643,(X),(X),64958,490
"San Bernardino County, California",229818,629,(X),(X),119835,547,(X),(X),109983,402
"San Diego County, California",353693,845,(X),(X),196283,491,(X),(X),157410,544
"San Francisco County, California",63216,395,(X),(X),30739,306,(X),(X),32477,254
"San Joaquin County, California",71788,357,(X),(X),37398,334,(X),(X),34390,126
"San Luis Obispo County, California",43444,870,(X),(X),23534,554,(X),(X),19910,563
"San Mateo County, California",55956,871,(X),(X),28955,681,(X),(X),27001,490
"Santa Barbara County, California",70077,825,(X),(X),35857,428,(X),(X),34220,523
"Santa Clara County, California",165205,629,(X),(X),86553,416,(X),(X),78652,404
"Santa Cruz County, California",41476,656,(X),(X),20599,469,(X),(X),20877,368
"Shasta County, California",14809,756,(X),(X),7338,524,(X),(X),7471,441
"Solano County, California",40408,425,(X),(X),21793,419,(X),(X),18615,317
"Sonoma County, California",41935,749,(X),(X),21003,266,(X),(X),20932,695
"Stanislaus County, California",51928,681,(X),(X),26847,534,(X),(X),25081,524
"Sutter County, California",9823,840,(X),(X),5517,545,(X),(X),4306,563
"Tulare County, California",46929,604,(X),(X),23926,359,(X),(X),23003,481
"Ventura County, California",81736,564,(X),(X),41776,313,(X),(X),39960,443
"Yolo County, California",42451,867,(X),(X),19285,233,(X),(X),23166,747
"Yuba County, California",7321,820,(X),(X),3776,628,(X),(X),3545,469
"Adams County, Colorado",44114,575,(X),(X),23298,412,(X),(X),20816,374
"Arapahoe County, Colorado",54493,337,(X),(X),27889,198,(X),(X),26604,258
"Boulder County, Colorado",48199,492,(X),(X),25093,342,(X),(X),23106,353
"Broomfield County, Colorado",5503,478,(X),(X),2488,312,(X),(X),3015,319
"Denver County, Colorado",57773,269,(X),(X),28201,158,(X),(X),29572,277
"Douglas County, Colorado",23465,640,(X),(X),12266,562,(X),(X),11199,300
"El Paso County, Colorado",77482,510,(X),(X),43875,316,(X),(X),33607,340
"Jefferson County, Colorado",46820,508,(X),(X),24628,465,(X),(X),22192,182
"Larimer County, Colorado",49922,648,(X),(X),24862,501,(X),(X),25060,530
"Mesa County, Colorado",15625,551,(X),(X),7885,284,(X),(X),7740,397
"Pueblo County, Colorado",15102,459,(X),(X),8046,421,(X),(X),7056,238
"Weld County, Colorado",28455,614,(X),(X),14005,444,(X),(X),14450,523
"Fairfield County, Connecticut",87040,144,(X),(X),44644,144,(X),(X),42396,3
"Hartford County, Connecticut",82172,399,(X),(X),42491,190,(X),(X),39681,220
"Litchfield County, Connecticut",13527,715,(X),(X),7424,464,(X),(X),6103,346
"Middlesex County, Connecticut",15218,1176,(X),(X),7412,847,(X),(X),7806,855
"New Haven County, Connecticut",87211,378,(X),(X),43987,356,(X),(X),43224,142
"New London County, Connecticut",28574,967,(X),(X),16598,815,(X),(X),11976,569
"Tolland County, Connecticut",30088,1494,(X),(X),15590,1232,(X),(X),14498,803
"Windham County, Connecticut",12723,721,(X),(X),6768,605,(X),(X),5955,408
"Kent County, Delaware",17575,608,(X),(X),8820,429,(X),(X),8755,376
"New Castle County, Delaware",53228,189,(X),(X),26607,74,(X),(X),26621,179
"Sussex County, Delaware",14478,1034,(X),(X),7649,816,(X),(X),6829,799
"District of Columbia, District of Columbia",80230,349,(X),(X),35999,4,(X),(X),44231,348
"Alachua County, Florida",56157,346,(X),(X),26922,97,(X),(X),29235,344
"Bay County, Florida",15320,777,(X),(X),8645,627,(X),(X),6675,562
"Brevard County, Florida",42571,714,(X),(X),22770,657,(X),(X),19801,326
"Broward County, Florida",153952,344,(X),(X),79115,326,(X),(X),74837,88
"Charlotte County, Florida",10253,996,(X),(X),6083,626,(X),(X),4170,874
"Citrus County, Florida",7729,470,(X),(X),4424,291,(X),(X),3305,371
"Clay County, Florida",17167,1357,(X),(X),8873,634,(X),(X),8294,969
"Collier County, Florida",25446,862,(X),(X),13047,405,(X),(X),12399,642
"Columbia County, Florida",7173,1213,(X),(X),5192,1227,(X),(X),1981,514
"Duval County, Florida",84791,359,(X),(X),43427,271,(X),(X),41364,219
"Escambia County, Florida",38828,927,(X),(X),22193,803,(X),(X),16635,576
"Flagler County, Florida",7339,1355,(X),(X),3687,895,(X),(X),3652,950
"Hernando County, Florida",11794,773,(X),(X),5995,540,(X),(X),5799,565
"Highlands County, Florida",6284,1024,(X),(X),2795,844,(X),(X),3489,595
"Hillsborough County, Florida",124798,300,(X),(X),62181,162,(X),(X),62617,201
"Indian River County, Florida",13786,3047,(X),(X),5411,1437,(X),(X),8375,3108
"Lake County, Florida",23889,938,(X),(X),11638,622,(X),(X),12251,840
"Lee County, Florida",50372,681,(X),(X),25992,571,(X),(X),24380,396
"Leon County, Florida",63941,888,(X),(X),29871,711,(X),(X),34070,567
"Manatee County, Florida",26853,886,(X),(X),13753,693,(X),(X),13100,523
"Marion County, Florida",23637,1383,(X),(X),11885,1213,(X),(X),11752,539
"Martin County, Florida",10944,793,(X),(X),6166,679,(X),(X),4778,622
"Miami-Dade County, Florida",234322,9,(X),(X),118684,5,(X),(X),115638,5
"Monroe County, Florida",7260,1125,(X),(X),4567,687,(X),(X),2693,921
"Nassau County, Florida",5028,262,(X),(X),2484,206,(X),(X),2544,284
"Okaloosa County, Florida",19560,1345,(X),(X),11071,861,(X),(X),8489,813
"Orange County, Florida",143474,658,(X),(X),70783,501,(X),(X),72691,493
"Osceola County, Florida",32135,1306,(X),(X),16610,1080,(X),(X),15525,850
"Palm Beach County, Florida",109955,286,(X),(X),56354,297,(X),(X),53601,86
"Pasco County, Florida",36046,585,(X),(X),18808,477,(X),(X),17238,617
"Pinellas County, Florida",64992,131,(X),(X),32921,90,(X),(X),32071,125
"Polk County, Florida",55570,477,(X),(X),28473,280,(X),(X),27097,345
"Putnam County, Florida",5603,1001,(X),(X),3045,640,(X),(X),2558,765
"St. Johns County, Florida",16668,1139,(X),(X),8673,912,(X),(X),7995,750
"St. Lucie County, Florida",25623,1532,(X),(X),12558,1503,(X),(X),13065,650
"Santa Rosa County, Florida",12589,1004,(X),(X),6872,760,(X),(X),5717,631
"Sarasota County, Florida",24182,1096,(X),(X),11619,837,(X),(X),12563,556
"Seminole County, Florida",38260,665,(X),(X),19479,347,(X),(X),18781,540
"Sumter County, Florida",6503,1164,(X),(X),3222,803,(X),(X),3281,988
"Volusia County, Florida",42990,851,(X),(X),22235,591,(X),(X),20755,522
"Walton County, Florida",5149,1124,(X),(X),3130,1025,(X),(X),2019,481
"Barrow County, Georgia",6002,694,(X),(X),3127,488,(X),(X),2875,435
"Bartow County, Georgia",8173,737,(X),(X),3829,467,(X),(X),4344,596
"Bibb County, Georgia",15540,341,(X),(X),7302,185,(X),(X),8238,321
"Bulloch County, Georgia",18972,888,(X),(X),9682,704,(X),(X),9290,585
"Carroll County, Georgia",15654,1268,(X),(X),7289,587,(X),(X),8365,1113
"Catoosa County, Georgia",4844,279,(X),(X),2391,73,(X),(X),2453,272
"Chatham County, Georgia",32541,719,(X),(X),15921,334,(X),(X),16620,673
"Cherokee County, Georgia",18778,879,(X),(X),9987,644,(X),(X),8791,606
"Clarke County, Georgia",34875,618,(X),(X),16204,443,(X),(X),18671,407
"Clayton County, Georgia",27736,490,(X),(X),14008,412,(X),(X),13728,276
"Cobb County, Georgia",68336,265,(X),(X),34575,123,(X),(X),33761,150
"Columbia County, Georgia",12381,1397,(X),(X),6804,961,(X),(X),5577,1163
"Coweta County, Georgia",11618,725,(X),(X),5614,648,(X),(X),6004,298
"DeKalb County, Georgia",64917,390,(X),(X),31519,272,(X),(X),33398,246
"Dougherty County, Georgia",10310,357,(X),(X),4492,355,(X),(X),5818,170
"Douglas County, Georgia",13320,775,(X),(X),6994,440,(X),(X),6326,434
"Fayette County, Georgia",9263,789,(X),(X),4766,454,(X),(X),4497,654
"Floyd County, Georgia",10343,1020,(X),(X),5261,752,(X),(X),5082,637
"Forsyth County, Georgia",16192,783,(X),(X),8669,389,(X),(X),7523,608
"Fulton County, Georgia",103973,213,(X),(X),52600,3,(X),(X),51373,214
"Glynn County, Georgia",6876,1094,(X),(X),3775,643,(X),(X),3101,767
"Gwinnett County, Georgia",82748,298,(X),(X),42053,2,(X),(X),40695,299
"Hall County, Georgia",18155,851,(X),(X),9251,535,(X),(X),8904,679
"Henry County, Georgia",19696,770,(X),(X),9624,411,(X),(X),10072,650
"Houston County, Georgia",12191,1534,(X),(X),6988,974,(X),(X),5203,1064
"Liberty County, Georgia",9626,535,(X),(X),5724,410,(X),(X),3902,289
"Lowndes County, Georgia",19735,473,(X),(X),9907,437,(X),(X),9828,180
"Muscogee County, Georgia",20997,458,(X),(X),11459,413,(X),(X),9538,220
"Newton County, Georgia",11309,957,(X),(X),5734,694,(X),(X),5575,765
"Paulding County, Georgia",15241,801,(X),(X),7823,662,(X),(X),7418,449
"Richmond County, Georgia",23183,715,(X),(X),12620,422,(X),(X),10563,555
"Rockdale County, Georgia",8004,867,(X),(X),4221,631,(X),(X),3783,511
"Troup County, Georgia",7065,766,(X),(X),3913,523,(X),(X),3152,618
"Walker County, Georgia",4922,292,(X),(X),2550,226,(X),(X),2372,192
"Walton County, Georgia",9404,1304,(X),(X),5579,1238,(X),(X),3825,299
"Whitfield County, Georgia",10609,759,(X),(X),5275,362,(X),(X),5334,655
"Hawaii County, Hawaii",15836,750,(X),(X),7667,454,(X),(X),8169,612
"Honolulu County, Hawaii",96590,456,(X),(X),54634,410,(X),(X),41956,187
"Kauai County, Hawaii",5411,773,(X),(X),2330,433,(X),(X),3081,591
"Maui County, Hawaii",12012,543,(X),(X),6181,415,(X),(X),5831,362
"Ada County, Idaho",37923,1196,(X),(X),19603,666,(X),(X),18320,993
"Bannock County, Idaho",8575,780,(X),(X),4436,485,(X),(X),4139,614
"Bonneville County, Idaho",9290,561,(X),(X),4578,343,(X),(X),4712,369
"Canyon County, Idaho",20175,402,(X),(X),10047,430,(X),(X),10128,380
"Kootenai County, Idaho",13121,902,(X),(X),6802,617,(X),(X),6319,761
"Twin Falls County, Idaho",7364,597,(X),(X),3574,437,(X),(X),3790,364
"Adams County, Illinois",5051,254,(X),(X),2501,127,(X),(X),2550,227
"Champaign County, Illinois",48880,711,(X),(X),25790,699,(X),(X),23090,255
"Cook County, Illinois",476909,456,(X),(X),238042,239,(X),(X),238867,360
"DeKalb County, Illinois",20899,1135,(X),(X),10220,854,(X),(X),10679,702
"DuPage County, Illinois",82635,158,(X),(X),42011,93,(X),(X),40624,111
"Kane County, Illinois",47718,1121,(X),(X),24087,538,(X),(X),23631,940
"Kankakee County, Illinois",11715,766,(X),(X),5731,570,(X),(X),5984,444
"Kendall County, Illinois",10299,1270,(X),(X),5634,827,(X),(X),4665,935
"Lake County, Illinois",73389,327,(X),(X),40467,327,(X),(X),32922,3
"LaSalle County, Illinois",9630,480,(X),(X),5625,557,(X),(X),4005,322
"McHenry County, Illinois",26663,717,(X),(X),14015,570,(X),(X),12648,483
"McLean County, Illinois",29035,966,(X),(X),13922,767,(X),(X),15113,465
"Macon County, Illinois",10085,376,(X),(X),5314,354,(X),(X),4771,122
"Madison County, Illinois",21576,566,(X),(X),10734,515,(X),(X),10842,160
"Peoria County, Illinois",16984,827,(X),(X),8062,807,(X),(X),8922,178
"Rock Island County, Illinois",12551,1015,(X),(X),6108,591,(X),(X),6443,793
"St. Clair County, Illinois",22302,643,(X),(X),11263,479,(X),(X),11039,484
"Sangamon County, Illinois",16863,816,(X),(X),8295,438,(X),(X),8568,610
"Tazewell County, Illinois",9524,383,(X),(X),4952,281,(X),(X),4572,267
"Vermilion County, Illinois",6655,676,(X),(X),3432,506,(X),(X),3223,445
"Will County, Illinois",64619,623,(X),(X),33401,344,(X),(X),31218,412
"Williamson County, Illinois",4958,793,(X),(X),2435,310,(X),(X),2523,711
"Winnebago County, Illinois",23973,284,(X),(X),12057,145,(X),(X),11916,207
"Allen County, Indiana",34179,442,(X),(X),17194,390,(X),(X),16985,182
"Bartholomew County, Indiana",7466,756,(X),(X),4053,604,(X),(X),3413,435
"Clark County, Indiana",9584,1000,(X),(X),4864,517,(X),(X),4720,761
"Delaware County, Indiana",23747,1206,(X),(X),12075,1175,(X),(X),11672,698
"Elkhart County, Indiana",17385,904,(X),(X),9269,490,(X),(X),8116,738
"Floyd County, Indiana",7082,601,(X),(X),3681,688,(X),(X),3401,558
"Grant County, Indiana",8825,492,(X),(X),3871,256,(X),(X),4954,397
"Hamilton County, Indiana",22162,796,(X),(X),11422,521,(X),(X),10740,609
"Hancock County, Indiana",6214,203,(X),(X),3321,205,(X),(X),2893,85
"Hendricks County, Indiana",12907,1052,(X),(X),7192,993,(X),(X),5715,551
"Howard County, Indiana",6484,413,(X),(X),3208,307,(X),(X),3276,340
"Johnson County, Indiana",13279,908,(X),(X),6733,602,(X),(X),6546,616
"Kosciusko County, Indiana",7050,463,(X),(X),3412,272,(X),(X),3638,367
"Lake County, Indiana",42826,570,(X),(X),21645,432,(X),(X),21181,301
"LaPorte County, Indiana",9428,610,(X),(X),5362,396,(X),(X),4066,359
"Madison County, Indiana",11130,847,(X),(X),5282,379,(X),(X),5848,922
"Marion County, Indiana",88941,357,(X),(X),43555,196,(X),(X),45386,220
"Monroe County, Indiana",40591,1051,(X),(X),20213,786,(X),(X),20378,747
"Morgan County, Indiana",5884,489,(X),(X),3173,314,(X),(X),2711,228
"Porter County, Indiana",15939,876,(X),(X),7996,523,(X),(X),7943,646
"St. Joseph County, Indiana",30753,550,(X),(X),14078,362,(X),(X),16675,420
"Tippecanoe County, Indiana",45619,1140,(X),(X),26299,756,(X),(X),19320,885
"Vanderburgh County, Indiana",18314,563,(X),(X),8578,479,(X),(X),9736,293
"Vigo County, Indiana",16308,761,(X),(X),8645,631,(X),(X),7663,428
"Wayne County, Indiana",6024,510,(X),(X),3319,470,(X),(X),2705,185
"Black Hawk County, Iowa",20730,645,(X),(X),9774,304,(X),(X),10956,588
"Dallas County, Iowa",5853,705,(X),(X),2919,495,(X),(X),2934,467
"Dubuque County, Iowa",9819,412,(X),(X),5090,337,(X),(X),4729,254
"Johnson County, Iowa",30196,1026,(X),(X),14400,892,(X),(X),15796,500
"Linn County, Iowa",19771,878,(X),(X),9833,494,(X),(X),9938,628
"Polk County, Iowa",41759,923,(X),(X),20229,553,(X),(X),21530,588
"Pottawattamie County, Iowa",9155,626,(X),(X),4994,487,(X),(X),4161,397
"Scott County, Iowa",14550,931,(X),(X),7224,769,(X),(X),7326,470
"Story County, Iowa",29894,1413,(X),(X),15174,731,(X),(X),14720,1264
"Woodbury County, Iowa",10206,937,(X),(X),5204,645,(X),(X),5002,457
"Butler County, Kansas",5978,474,(X),(X),3365,376,(X),(X),2613,227
"Douglas County, Kansas",28355,1410,(X),(X),14640,1368,(X),(X),13715,889
"Johnson County, Kansas",46386,823,(X),(X),23982,829,(X),(X),22404,108
"Leavenworth County, Kansas",7238,698,(X),(X),3927,608,(X),(X),3311,523
"Riley County, Kansas",24392,1323,(X),(X),13947,1078,(X),(X),10445,569
"Sedgwick County, Kansas",48212,276,(X),(X),25183,172,(X),(X),23029,214
"Shawnee County, Kansas",14918,730,(X),(X),7576,478,(X),(X),7342,552
"Wyandotte County, Kansas",14313,592,(X),(X),7100,373,(X),(X),7213,444
"Boone County, Kentucky",11462,889,(X),(X),5876,695,(X),(X),5586,720
"Bullitt County, Kentucky",7124,688,(X),(X),3505,487,(X),(X),3619,433
"Campbell County, Kentucky",9820,418,(X),(X),4796,444,(X),(X),5024,598
"Christian County, Kentucky",11018,887,(X),(X),8057,690,(X),(X),2961,424
"Daviess County, Kentucky",9070,1054,(X),(X),4380,604,(X),(X),4690,712
"Fayette County, Kentucky",45471,391,(X),(X),22526,190,(X),(X),22945,391
"Hardin County, Kentucky",10096,606,(X),(X),5911,362,(X),(X),4185,514
"Jefferson County, Kentucky",66066,327,(X),(X),33173,117,(X),(X),32893,346
"Kenton County, Kentucky",13619,651,(X),(X),6883,369,(X),(X),6736,446
"McCracken County, Kentucky",5723,679,(X),(X),2832,521,(X),(X),2891,406
"Madison County, Kentucky",15721,809,(X),(X),7031,274,(X),(X),8690,716
"Oldham County, Kentucky",5796,463,(X),(X),3413,405,(X),(X),2383,259
"Warren County, Kentucky",21322,1046,(X),(X),10988,637,(X),(X),10334,727
"Ascension Parish, Louisiana",10442,1135,(X),(X),5831,959,(X),(X),4611,620
"Bossier Parish, Louisiana",11988,852,(X),(X),6945,667,(X),(X),5043,401
"Caddo Parish, Louisiana",21742,625,(X),(X),10375,209,(X),(X),11367,546
"Calcasieu Parish, Louisiana",18284,700,(X),(X),9659,678,(X),(X),8625,222
"East Baton Rouge Parish, Louisiana",62284,1266,(X),(X),30143,1051,(X),(X),32141,681
"Iberia Parish, Louisiana",7196,527,(X),(X),3608,418,(X),(X),3588,277
"Jefferson Parish, Louisiana",34414,668,(X),(X),17699,345,(X),(X),16715,436
"Lafayette Parish, Louisiana",22978,989,(X),(X),10896,470,(X),(X),12082,850
"Lafourche Parish, Louisiana",8920,872,(X),(X),4210,577,(X),(X),4710,648
"Livingston Parish, Louisiana",12174,1361,(X),(X),6860,1083,(X),(X),5314,537
"Orleans Parish, Louisiana",36224,4,(X),(X),17466,3,(X),(X),18758,2
"Ouachita Parish, Louisiana",15366,315,(X),(X),7588,301,(X),(X),7778,103
"Rapides Parish, Louisiana",11834,484,(X),(X),6320,380,(X),(X),5514,272
"St. Landry Parish, Louisiana",7841,366,(X),(X),4283,365,(X),(X),3558,*****
"St. Tammany Parish, Louisiana",19093,1279,(X),(X),10249,550,(X),(X),8844,959
"Tangipahoa Parish, Louisiana",15235,1056,(X),(X),7130,760,(X),(X),8105,626
"Terrebonne Parish, Louisiana",10491,932,(X),(X),5167,557,(X),(X),5324,611
"Androscoggin County, Maine",9485,461,(X),(X),4631,224,(X),(X),4854,361
"Aroostook County, Maine",5555,548,(X),(X),3075,525,(X),(X),2480,146
"Cumberland County, Maine",26023,795,(X),(X),13295,646,(X),(X),12728,450
"Kennebec County, Maine",10475,438,(X),(X),5487,444,(X),(X),4988,251
"Penobscot County, Maine",16422,591,(X),(X),8964,462,(X),(X),7458,421
"York County, Maine",14582,324,(X),(X),7267,113,(X),(X),7315,239
"Allegany County, Maryland",8964,580,(X),(X),4597,424,(X),(X),4367,322
"Anne Arundel County, Maryland",50197,359,(X),(X),27777,359,(X),(X),22420,63
"Baltimore County, Maryland",74705,523,(X),(X),37036,319,(X),(X),37669,256
"Calvert County, Maryland",7210,840,(X),(X),3864,671,(X),(X),3346,428
"Carroll County, Maryland",14246,436,(X),(X),7578,302,(X),(X),6668,331
"Cecil County, Maryland",8421,548,(X),(X),4420,470,(X),(X),4001,468
"Charles County, Maryland",14205,391,(X),(X),7252,348,(X),(X),6953,217
"Frederick County, Maryland",21427,1276,(X),(X),11124,925,(X),(X),10303,691
"Harford County, Maryland",21088,935,(X),(X),11058,686,(X),(X),10030,686
"Howard County, Maryland",26721,1451,(X),(X),13884,1035,(X),(X),12837,834
"Montgomery County, Maryland",83894,503,(X),(X),42405,2,(X),(X),41489,503
"Prince George's County, Maryland",92616,721,(X),(X),47009,379,(X),(X),45607,592
"St. Mary's County, Maryland",10688,870,(X),(X),5171,629,(X),(X),5517,669
"Washington County, Maryland",11721,838,(X),(X),6405,651,(X),(X),5316,574
"Wicomico County, Maryland",15017,1129,(X),(X),7426,520,(X),(X),7591,1037
"Baltimore city, Maryland",62526,635,(X),(X),29897,419,(X),(X),32629,367
"Barnstable County, Massachusetts",14762,595,(X),(X),8340,500,(X),(X),6422,353
"Berkshire County, Massachusetts",12555,742,(X),(X),6450,543,(X),(X),6105,387
"Bristol County, Massachusetts",52622,644,(X),(X),26919,510,(X),(X),25703,378
"Essex County, Massachusetts",73944,826,(X),(X),37847,431,(X),(X),36097,667
"Franklin County, Massachusetts",4972,285,(X),(X),2528,198,(X),(X),2444,183
"Hampden County, Massachusetts",50402,969,(X),(X),25332,354,(X),(X),25070,830
"Hampshire County, Massachusetts",37107,1550,(X),(X),15646,799,(X),(X),21461,1041
"Middlesex County, Massachusetts",158249,407,(X),(X),80189,264,(X),(X),78060,323
"Norfolk County, Massachusetts",62099,449,(X),(X),29909,3,(X),(X),32190,448
"Plymouth County, Massachusetts",45235,602,(X),(X),22598,489,(X),(X),22637,501
"Suffolk County, Massachusetts",108798,184,(X),(X),52000,166,(X),(X),56798,74
"Worcester County, Massachusetts",81888,309,(X),(X),41561,212,(X),(X),40327,237
"Allegan County, Michigan",8658,508,(X),(X),4387,327,(X),(X),4271,295
"Bay County, Michigan",8114,443,(X),(X),4397,455,(X),(X),3717,208
"Berrien County, Michigan",12725,634,(X),(X),6635,467,(X),(X),6090,397
"Calhoun County, Michigan",12702,924,(X),(X),6391,624,(X),(X),6311,536
"Clinton County, Michigan",6946,309,(X),(X),3170,169,(X),(X),3776,289
"Eaton County, Michigan",9960,796,(X),(X),5468,619,(X),(X),4492,490
"Genesee County, Michigan",35811,662,(X),(X),17967,398,(X),(X),17844,408
"Grand Traverse County, Michigan",6616,238,(X),(X),3316,84,(X),(X),3300,240
"Ingham County, Michigan",57705,538,(X),(X),28839,525,(X),(X),28866,194
"Isabella County, Michigan",20552,609,(X),(X),9400,490,(X),(X),11152,440
"Jackson County, Michigan",14189,534,(X),(X),7520,435,(X),(X),6669,372
"Kalamazoo County, Michigan",41858,787,(X),(X),21262,670,(X),(X),20596,495
"Kent County, Michigan",61384,529,(X),(X),31307,484,(X),(X),30077,137
"Lapeer County, Michigan",6947,289,(X),(X),3911,236,(X),(X),3036,180
"Lenawee County, Michigan",9077,459,(X),(X),4775,305,(X),(X),4302,331
"Livingston County, Michigan",15586,508,(X),(X),8169,309,(X),(X),7417,324
"Macomb County, Michigan",71828,382,(X),(X),36624,217,(X),(X),35204,338
"Marquette County, Michigan",9892,400,(X),(X),4945,242,(X),(X),4947,292
"Midland County, Michigan",6999,447,(X),(X),3789,391,(X),(X),3210,246
"Monroe County, Michigan",12091,827,(X),(X),6319,486,(X),(X),5772,478
"Muskegon County, Michigan",15078,790,(X),(X),7833,632,(X),(X),7245,486
"Oakland County, Michigan",101633,254,(X),(X),52396,141,(X),(X),49237,202
"Ottawa County, Michigan",38140,823,(X),(X),18419,590,(X),(X),19721,509
"Saginaw County, Michigan",19657,870,(X),(X),10212,756,(X),(X),9445,306
"St. Clair County, Michigan",13042,625,(X),(X),6980,473,(X),(X),6062,385
"Shiawassee County, Michigan",5604,195,(X),(X),2935,114,(X),(X),2669,138
"Van Buren County, Michigan",5576,380,(X),(X),3276,308,(X),(X),2300,183
"Washtenaw County, Michigan",68582,593,(X),(X),34934,167,(X),(X),33648,585
"Wayne County, Michigan",158938,401,(X),(X),79811,333,(X),(X),79127,224
"Anoka County, Minnesota",28609,799,(X),(X),14975,512,(X),(X),13634,571
"Blue Earth County, Minnesota",15624,360,(X),(X),7723,580,(X),(X),7901,607
"Carver County, Minnesota",7742,334,(X),(X),3945,326,(X),(X),3797,179
"Dakota County, Minnesota",33145,841,(X),(X),17182,128,(X),(X),15963,858
"Hennepin County, Minnesota",107498,520,(X),(X),54175,376,(X),(X),53323,393
"Olmsted County, Minnesota",12312,745,(X),(X),6178,425,(X),(X),6134,587
"Ramsey County, Minnesota",55529,329,(X),(X),27435,239,(X),(X),28094,202
"Rice County, Minnesota",9485,550,(X),(X),4538,402,(X),(X),4947,341
"St. Louis County, Minnesota",26142,546,(X),(X),13323,347,(X),(X),12819,358
"Scott County, Minnesota",10726,1069,(X),(X),5649,822,(X),(X),5077,548
"Sherburne County, Minnesota",7490,446,(X),(X),4064,254,(X),(X),3426,315
"Stearns County, Minnesota",23456,772,(X),(X),11700,600,(X),(X),11756,371
"Washington County, Minnesota",21248,650,(X),(X),10862,488,(X),(X),10386,392
"Wright County, Minnesota",9971,955,(X),(X),5395,604,(X),(X),4576,436
"DeSoto County, Mississippi",15373,700,(X),(X),7671,492,(X),(X),7702,340
"Forrest County, Mississippi",11506,280,(X),(X),5151,193,(X),(X),6355,151
"Harrison County, Mississippi",20840,845,(X),(X),11859,826,(X),(X),8981,421
"Hinds County, Mississippi",27255,512,(X),(X),13144,494,(X),(X),14111,185
"Jackson County, Mississippi",12946,1033,(X),(X),6803,759,(X),(X),6143,485
"Jones County, Mississippi",5693,1047,(X),(X),2685,406,(X),(X),3008,824
"Lauderdale County, Mississippi",7152,670,(X),(X),3840,670,(X),(X),3312,213
"Lee County, Mississippi",6666,588,(X),(X),3017,542,(X),(X),3649,198
"Madison County, Mississippi",10021,1152,(X),(X),4652,806,(X),(X),5369,721
"Rankin County, Mississippi",12114,879,(X),(X),6589,876,(X),(X),5525,165
"Boone County, Missouri",34797,1242,(X),(X),17261,872,(X),(X),17536,752
"Buchanan County, Missouri",7948,590,(X),(X),4637,577,(X),(X),3311,190
"Cape Girardeau County, Missouri",10911,680,(X),(X),5341,395,(X),(X),5570,456
"Cass County, Missouri",7998,501,(X),(X),4015,275,(X),(X),3983,360
"Christian County, Missouri",6174,289,(X),(X),3108,249,(X),(X),3066,157
"Clay County, Missouri",19556,1031,(X),(X),9799,702,(X),(X),9757,570
"Cole County, Missouri",7315,1036,(X),(X),4131,939,(X),(X),3184,443
"Franklin County, Missouri",7977,388,(X),(X),4106,288,(X),(X),3871,245
"Greene County, Missouri",41302,1462,(X),(X),19893,1007,(X),(X),21409,819
"Jackson County, Missouri",58259,500,(X),(X),28719,227,(X),(X),29540,454
"Jasper County, Missouri",11523,623,(X),(X),6105,358,(X),(X),5418,456
"Jefferson County, Missouri",16592,357,(X),(X),8716,224,(X),(X),7876,234
"Platte County, Missouri",8454,876,(X),(X),4263,775,(X),(X),4191,605
"St. Charles County, Missouri",33565,1291,(X),(X),17225,893,(X),(X),16340,714
"St. Francois County, Missouri",5776,459,(X),(X),3701,459,(X),(X),2075,187
"St. Louis County, Missouri",86310,762,(X),(X),43876,502,(X),(X),42434,592
"St. Louis city, Missouri",30815,375,(X),(X),15072,110,(X),(X),15743,335
"Cascade County, Montana",7986,373,(X),(X),4250,138,(X),(X),3736,317
"Flathead County, Montana",6999,473,(X),(X),3307,97,(X),(X),3692,502
"Gallatin County, Montana",16714,707,(X),(X),9051,511,(X),(X),7663,448
"Lewis and Clark County, Montana",5372,289,(X),(X),2668,140,(X),(X),2704,230
"Missoula County, Montana",16155,1083,(X),(X),8400,982,(X),(X),7755,492
"Yellowstone County, Montana",13348,1011,(X),(X),6476,409,(X),(X),6872,925
"Douglas County, Nebraska",51329,226,(X),(X),25750,83,(X),(X),25579,195
"Lancaster County, Nebraska",46558,1063,(X),(X),22705,923,(X),(X),23853,661
"Sarpy County, Nebraska",15486,642,(X),(X),8321,531,(X),(X),7165,364
"Clark County, Nevada",184374,733,(X),(X),94187,486,(X),(X),90187,453
"Washoe County, Nevada",41600,651,(X),(X),20850,316,(X),(X),20750,506
"Cheshire County, New Hampshire",9401,430,(X),(X),4434,254,(X),(X),4967,368
"Grafton County, New Hampshire",11029,536,(X),(X),5870,443,(X),(X),5159,269
"Hillsborough County, New Hampshire",35860,1083,(X),(X),18841,485,(X),(X),17019,851
"Merrimack County, New Hampshire",14151,750,(X),(X),7270,581,(X),(X),6881,465
"Rockingham County, New Hampshire",23107,602,(X),(X),12397,447,(X),(X),10710,364
"Strafford County, New Hampshire",20334,552,(X),(X),9514,456,(X),(X),10820,416
"Atlantic County, New Jersey",25386,541,(X),(X),12705,337,(X),(X),12681,387
"Bergen County, New Jersey",77062,65,(X),(X),39378,4,(X),(X),37684,65
"Burlington County, New Jersey",39205,332,(X),(X),21698,188,(X),(X),17507,174
"Camden County, New Jersey",43509,377,(X),(X),22041,164,(X),(X),21468,266
"Cape May County, New Jersey",7301,773,(X),(X),4459,718,(X),(X),2842,154
"Cumberland County, New Jersey",12749,207,(X),(X),6717,192,(X),(X),6032,87
"Essex County, New Jersey",73366,110,(X),(X),37326,139,(X),(X),36040,119
"Gloucester County, New Jersey",26205,523,(X),(X),13431,160,(X),(X),12774,461
"Hudson County, New Jersey",57219,58,(X),(X),30144,57,(X),(X),27075,5
"Hunterdon County, New Jersey",11239,651,(X),(X),6568,574,(X),(X),4671,248
"Mercer County, New Jersey",41628,804,(X),(X),20749,714,(X),(X),20879,528
"Middlesex County, New Jersey",79888,553,(X),(X),41032,552,(X),(X),38856,110
"Monmouth County, New Jersey",53525,4,(X),(X),27443,2,(X),(X),26082,4
"Morris County, New Jersey",43088,640,(X),(X),22044,435,(X),(X),21044,373
"Ocean County, New Jersey",44133,548,(X),(X),23052,349,(X),(X),21081,343
"Passaic County, New Jersey",50503,291,(X),(X),25423,291,(X),(X),25080,2
"Salem County, New Jersey",5675,497,(X),(X),2985,453,(X),(X),2690,382
"Somerset County, New Jersey",28462,720,(X),(X),15198,125,(X),(X),13264,708
"Sussex County, New Jersey",11586,713,(X),(X),6040,565,(X),(X),5546,485
"Union County, New Jersey",48376,374,(X),(X),24912,374,(X),(X),23464,*****
"Warren County, New Jersey",8753,402,(X),(X),4353,293,(X),(X),4400,306
"Bernalillo County, New Mexico",61999,621,(X),(X),31748,484,(X),(X),30251,404
"Chaves County, New Mexico",6583,820,(X),(X),3621,599,(X),(X),2962,458
"Doâ€“a Ana County, New Mexico",30583,317,(X),(X),15237,258,(X),(X),15346,231
"Lea County, New Mexico",6739,669,(X),(X),3450,557,(X),(X),3289,395
"McKinley County, New Mexico",7839,586,(X),(X),4038,558,(X),(X),3801,249
"Otero County, New Mexico",6723,1351,(X),(X),4198,812,(X),(X),2525,810
"Sandoval County, New Mexico",10707,855,(X),(X),5008,798,(X),(X),5699,299
"San Juan County, New Mexico",9656,46,(X),(X),4986,46,(X),(X),4670,4
"Santa Fe County, New Mexico",11235,209,(X),(X),5753,157,(X),(X),5482,150
"Valencia County, New Mexico",6013,1015,(X),(X),3084,300,(X),(X),2929,940
"Albany County, New York",46237,784,(X),(X),23349,511,(X),(X),22888,517
"Bronx County, New York",156130,468,(X),(X),78634,64,(X),(X),77496,463
"Broome County, New York",26611,1029,(X),(X),13372,697,(X),(X),13239,707
"Cattaraugus County, New York",7468,300,(X),(X),3992,265,(X),(X),3476,167
"Cayuga County, New York",7799,735,(X),(X),4220,656,(X),(X),3579,460
"Chautauqua County, New York",13301,673,(X),(X),7102,598,(X),(X),6199,313
"Chemung County, New York",7710,594,(X),(X),3911,488,(X),(X),3799,319
"Clinton County, New York",11371,600,(X),(X),5544,367,(X),(X),5827,434
"Dutchess County, New York",33485,1073,(X),(X),16708,697,(X),(X),16777,799
"Erie County, New York",88219,281,(X),(X),44187,218,(X),(X),44032,214
"Jefferson County, New York",14389,611,(X),(X),9383,463,(X),(X),5006,318
"Kings County, New York",228226,402,(X),(X),111161,276,(X),(X),117065,270
"Livingston County, New York",10525,575,(X),(X),4756,327,(X),(X),5769,496
"Madison County, New York",9773,361,(X),(X),4924,432,(X),(X),4849,363
"Monroe County, New York",77486,306,(X),(X),39035,200,(X),(X),38451,231
"Nassau County, New York",123028,297,(X),(X),62363,131,(X),(X),60665,291
"New York County, New York",152197,83,(X),(X),69207,4,(X),(X),82990,82
"Niagara County, New York",18039,760,(X),(X),9611,472,(X),(X),8428,496
"Oneida County, New York",22759,900,(X),(X),12145,664,(X),(X),10614,658
"Onondaga County, New York",49343,445,(X),(X),24037,455,(X),(X),25306,194
"Ontario County, New York",9745,309,(X),(X),4983,278,(X),(X),4762,200
"Orange County, New York",40223,775,(X),(X),22712,725,(X),(X),17511,243
"Oswego County, New York",13432,497,(X),(X),6721,320,(X),(X),6711,401
"Putnam County, New York",8082,540,(X),(X),4175,341,(X),(X),3907,342
"Queens County, New York",195366,821,(X),(X),97517,616,(X),(X),97849,393
"Rensselaer County, New York",17348,757,(X),(X),9506,253,(X),(X),7842,656
"Richmond County, New York",41202,*****,(X),(X),20635,*****,(X),(X),20567,*****
"Rockland County, New York",30885,3,(X),(X),15712,2,(X),(X),15173,2
"St. Lawrence County, New York",15576,557,(X),(X),7930,454,(X),(X),7646,469
"Saratoga County, New York",20240,1143,(X),(X),10844,1000,(X),(X),9396,489
"Schenectady County, New York",15090,963,(X),(X),7776,540,(X),(X),7314,726
"Steuben County, New York",7788,275,(X),(X),3905,213,(X),(X),3883,214
"Suffolk County, New York",138374,466,(X),(X),71095,389,(X),(X),67279,183
"Sullivan County, New York",7246,904,(X),(X),3723,396,(X),(X),3523,782
"Tompkins County, New York",28662,593,(X),(X),14985,752,(X),(X),13677,452
"Ulster County, New York",17155,669,(X),(X),8842,579,(X),(X),8313,329
"Warren County, New York",4642,160,(X),(X),2388,143,(X),(X),2254,32
"Wayne County, New York",7018,386,(X),(X),3391,190,(X),(X),3627,278
"Westchester County, New York",88332,280,(X),(X),43939,205,(X),(X),44393,177
"Alamance County, North Carolina",15551,854,(X),(X),7054,389,(X),(X),8497,825
"Brunswick County, North Carolina",7123,863,(X),(X),3529,797,(X),(X),3594,516
"Buncombe County, North Carolina",20267,1051,(X),(X),9781,703,(X),(X),10486,764
"Burke County, North Carolina",7370,948,(X),(X),4382,878,(X),(X),2988,327
"Cabarrus County, North Carolina",16219,1015,(X),(X),8478,557,(X),(X),7741,805
"Caldwell County, North Carolina",6520,691,(X),(X),3193,469,(X),(X),3327,557
"Carteret County, North Carolina",4586,419,(X),(X),2556,369,(X),(X),2030,183
"Catawba County, North Carolina",12742,958,(X),(X),6379,601,(X),(X),6363,623
"Chatham County, North Carolina",4367,1002,(X),(X),2061,602,(X),(X),2306,807
"Cleveland County, North Carolina",9926,459,(X),(X),4762,263,(X),(X),5164,501
"Craven County, North Carolina",13146,879,(X),(X),8751,366,(X),(X),4395,715
"Cumberland County, North Carolina",40273,663,(X),(X),22525,544,(X),(X),17748,389
"Davidson County, North Carolina",12835,867,(X),(X),6531,417,(X),(X),6304,602
"Durham County, North Carolina",30116,542,(X),(X),14858,445,(X),(X),15258,367
"Forsyth County, North Carolina",36326,385,(X),(X),17394,320,(X),(X),18932,297
"Gaston County, North Carolina",18196,571,(X),(X),9399,390,(X),(X),8797,502
"Guilford County, North Carolina",55361,207,(X),(X),26179,158,(X),(X),29182,112
"Harnett County, North Carolina",11688,163,(X),(X),5844,84,(X),(X),5844,134
"Henderson County, North Carolina",7086,693,(X),(X),3794,608,(X),(X),3292,523
"Iredell County, North Carolina",14766,1008,(X),(X),7850,836,(X),(X),6916,422
"Johnston County, North Carolina",16052,1062,(X),(X),8250,715,(X),(X),7802,653
"Lincoln County, North Carolina",5757,703,(X),(X),3059,534,(X),(X),2698,317
"Mecklenburg County, North Carolina",95599,230,(X),(X),46848,37,(X),(X),48751,225
"Moore County, North Carolina",6523,877,(X),(X),3194,711,(X),(X),3329,673
"Nash County, North Carolina",7437,1338,(X),(X),4275,880,(X),(X),3162,754
"New Hanover County, North Carolina",28618,1245,(X),(X),13716,932,(X),(X),14902,732
"Onslow County, North Carolina",38871,1385,(X),(X),27183,1279,(X),(X),11688,675
"Orange County, North Carolina",25281,1109,(X),(X),11059,906,(X),(X),14222,565
"Pitt County, North Carolina",32094,610,(X),(X),13942,350,(X),(X),18152,510
"Randolph County, North Carolina",10989,595,(X),(X),5543,537,(X),(X),5446,298
"Robeson County, North Carolina",13463,265,(X),(X),6815,160,(X),(X),6648,197
"Rockingham County, North Carolina",7610,675,(X),(X),3859,582,(X),(X),3751,392
"Rowan County, North Carolina",12519,920,(X),(X),6681,585,(X),(X),5838,693
"Rutherford County, North Carolina",5661,957,(X),(X),3118,786,(X),(X),2543,412
"Surry County, North Carolina",5668,277,(X),(X),2969,223,(X),(X),2699,180
"Union County, North Carolina",19757,832,(X),(X),10069,228,(X),(X),9688,737
"Wake County, North Carolina",96599,310,(X),(X),48589,233,(X),(X),48010,261
"Wayne County, North Carolina",11790,560,(X),(X),6476,363,(X),(X),5314,421
"Wilkes County, North Carolina",5432,602,(X),(X),2651,271,(X),(X),2781,451
"Wilson County, North Carolina",7168,706,(X),(X),3971,701,(X),(X),3197,171
"Burleigh County, North Dakota",8982,556,(X),(X),4701,445,(X),(X),4281,431
"Cass County, North Dakota",26285,1147,(X),(X),13410,741,(X),(X),12875,895
"Grand Forks County, North Dakota",14722,701,(X),(X),7638,433,(X),(X),7084,562
"Ward County, North Dakota",10051,765,(X),(X),5961,448,(X),(X),4090,537
"Allen County, Ohio",11410,613,(X),(X),6255,345,(X),(X),5155,479
"Ashtabula County, Ohio",7336,296,(X),(X),3934,217,(X),(X),3402,238
"Athens County, Ohio",20707,1040,(X),(X),10087,587,(X),(X),10620,861
"Belmont County, Ohio",4861,299,(X),(X),2674,237,(X),(X),2187,152
"Butler County, Ohio",46287,758,(X),(X),23438,535,(X),(X),22849,578
"Clark County, Ohio",12061,595,(X),(X),5870,336,(X),(X),6191,440
"Clermont County, Ohio",16578,891,(X),(X),8380,651,(X),(X),8198,425
"Columbiana County, Ohio",7768,390,(X),(X),4148,341,(X),(X),3620,216
"Cuyahoga County, Ohio",113362,147,(X),(X),56851,98,(X),(X),56511,155
"Delaware County, Ohio",15297,956,(X),(X),8210,797,(X),(X),7087,501
"Erie County, Ohio",6090,804,(X),(X),3271,697,(X),(X),2819,321
"Fairfield County, Ohio",11860,627,(X),(X),6446,479,(X),(X),5414,378
"Franklin County, Ohio",124946,567,(X),(X),62529,408,(X),(X),62417,407
"Geauga County, Ohio",8153,403,(X),(X),4483,386,(X),(X),3670,125
"Greene County, Ohio",20795,943,(X),(X),10184,553,(X),(X),10611,749
"Hamilton County, Ohio",75466,236,(X),(X),38196,166,(X),(X),37270,220
"Hancock County, Ohio",7426,487,(X),(X),3862,392,(X),(X),3564,290
"Jefferson County, Ohio",6144,386,(X),(X),3028,245,(X),(X),3116,243
"Lake County, Ohio",17197,658,(X),(X),8801,442,(X),(X),8396,507
"Licking County, Ohio",15552,708,(X),(X),7382,423,(X),(X),8170,610
"Lorain County, Ohio",27688,841,(X),(X),14131,681,(X),(X),13557,550
"Lucas County, Ohio",40697,680,(X),(X),21060,628,(X),(X),19637,476
"Mahoning County, Ohio",19361,548,(X),(X),10120,451,(X),(X),9241,301
"Marion County, Ohio",5581,548,(X),(X),3366,545,(X),(X),2215,118
"Medina County, Ohio",13252,346,(X),(X),6652,197,(X),(X),6600,316
"Miami County, Ohio",7660,317,(X),(X),3858,192,(X),(X),3802,262
"Montgomery County, Ohio",48829,747,(X),(X),24597,601,(X),(X),24232,348
"Muskingum County, Ohio",7494,285,(X),(X),3763,186,(X),(X),3731,199
"Portage County, Ohio",27503,794,(X),(X),12990,700,(X),(X),14513,454
"Richland County, Ohio",9793,604,(X),(X),5704,526,(X),(X),4089,317
"Ross County, Ohio",6023,322,(X),(X),3548,317,(X),(X),2475,58
"Scioto County, Ohio",6574,336,(X),(X),3496,349,(X),(X),3078,185
"Stark County, Ohio",32945,1114,(X),(X),16455,846,(X),(X),16490,571
"Summit County, Ohio",46820,548,(X),(X),23818,404,(X),(X),23002,396
"Trumbull County, Ohio",16614,407,(X),(X),8511,263,(X),(X),8103,323
"Tuscarawas County, Ohio",7773,603,(X),(X),4122,244,(X),(X),3651,487
"Warren County, Ohio",17677,894,(X),(X),9860,697,(X),(X),7817,455
"Wayne County, Ohio",11431,392,(X),(X),5811,260,(X),(X),5620,355
"Wood County, Ohio",22838,837,(X),(X),11207,527,(X),(X),11631,599
"Canadian County, Oklahoma",10924,773,(X),(X),5502,437,(X),(X),5422,564
"Cleveland County, Oklahoma",41306,1051,(X),(X),20862,870,(X),(X),20444,418
"Comanche County, Oklahoma",16765,751,(X),(X),10440,605,(X),(X),6325,414
"Creek County, Oklahoma",6099,312,(X),(X),3304,250,(X),(X),2795,200
"Muskogee County, Oklahoma",6554,508,(X),(X),3524,367,(X),(X),3030,339
"Oklahoma County, Oklahoma",71264,177,(X),(X),36003,76,(X),(X),35261,167
"Payne County, Oklahoma",21372,981,(X),(X),11408,753,(X),(X),9964,644
"Pottawatomie County, Oklahoma",7095,357,(X),(X),3597,300,(X),(X),3498,182
"Rogers County, Oklahoma",7796,323,(X),(X),3965,157,(X),(X),3831,258
"Tulsa County, Oklahoma",57659,41,(X),(X),28973,4,(X),(X),28686,40
"Wagoner County, Oklahoma",5892,422,(X),(X),3125,324,(X),(X),2767,203
"Benton County, Oregon",20570,753,(X),(X),10722,399,(X),(X),9848,685
"Clackamas County, Oregon",31083,769,(X),(X),15977,528,(X),(X),15106,491
"Deschutes County, Oregon",12331,633,(X),(X),6217,522,(X),(X),6114,330
"Douglas County, Oregon",7550,627,(X),(X),4235,514,(X),(X),3315,273
"Jackson County, Oregon",17282,1136,(X),(X),8580,892,(X),(X),8702,772
"Josephine County, Oregon",5955,955,(X),(X),3198,658,(X),(X),2757,496
"Klamath County, Oregon",5974,364,(X),(X),3251,129,(X),(X),2723,387
"Lane County, Oregon",46915,1117,(X),(X),23396,863,(X),(X),23519,682
"Linn County, Oregon",9495,675,(X),(X),4796,384,(X),(X),4699,477
"Marion County, Oregon",32033,919,(X),(X),16707,857,(X),(X),15326,473
"Multnomah County, Oregon",66267,827,(X),(X),33086,541,(X),(X),33181,489
"Polk County, Oregon",11184,863,(X),(X),5131,604,(X),(X),6053,582
"Umatilla County, Oregon",7346,634,(X),(X),3845,474,(X),(X),3501,342
"Washington County, Oregon",47762,737,(X),(X),24128,592,(X),(X),23634,572
"Yamhill County, Oregon",11233,723,(X),(X),5215,602,(X),(X),6018,403
"Adams County, Pennsylvania",9737,386,(X),(X),4781,341,(X),(X),4956,229
"Allegheny County, Pennsylvania",109705,204,(X),(X),54963,135,(X),(X),54742,147
"Armstrong County, Pennsylvania",4488,65,(X),(X),2344,174,(X),(X),2144,65
"Beaver County, Pennsylvania",12043,538,(X),(X),6066,364,(X),(X),5977,306
"Berks County, Pennsylvania",40519,827,(X),(X),20326,467,(X),(X),20193,492
"Blair County, Pennsylvania",9802,470,(X),(X),4900,228,(X),(X),4902,370
"Bucks County, Pennsylvania",49897,720,(X),(X),25562,720,(X),(X),24335,7
"Butler County, Pennsylvania",16076,371,(X),(X),8121,342,(X),(X),7955,222
"Cambria County, Pennsylvania",12779,401,(X),(X),6644,288,(X),(X),6135,317
"Carbon County, Pennsylvania",4131,301,(X),(X),2025,96,(X),(X),2106,283
"Centre County, Pennsylvania",37644,1163,(X),(X),20518,1056,(X),(X),17126,594
"Chester County, Pennsylvania",47324,723,(X),(X),23716,625,(X),(X),23608,374
"Clearfield County, Pennsylvania",6406,596,(X),(X),3662,517,(X),(X),2744,192
"Columbia County, Pennsylvania",10929,496,(X),(X),4633,182,(X),(X),6296,505
"Crawford County, Pennsylvania",8119,242,(X),(X),4097,210,(X),(X),4022,156
"Cumberland County, Pennsylvania",23795,736,(X),(X),12142,573,(X),(X),11653,449
"Dauphin County, Pennsylvania",22799,630,(X),(X),11861,480,(X),(X),10938,363
"Delaware County, Pennsylvania",57303,409,(X),(X),28867,338,(X),(X),28436,255
"Erie County, Pennsylvania",27843,458,(X),(X),13991,263,(X),(X),13852,258
"Fayette County, Pennsylvania",9561,430,(X),(X),5039,287,(X),(X),4522,364
"Franklin County, Pennsylvania",12462,1277,(X),(X),6655,1021,(X),(X),5807,459
"Indiana County, Pennsylvania",14238,659,(X),(X),7047,497,(X),(X),7191,270
"Lackawanna County, Pennsylvania",19106,719,(X),(X),9391,491,(X),(X),9715,472
"Lancaster County, Pennsylvania",49282,682,(X),(X),24726,478,(X),(X),24556,372
"Lawrence County, Pennsylvania",7323,359,(X),(X),3883,275,(X),(X),3440,241
"Lebanon County, Pennsylvania",12451,629,(X),(X),6408,613,(X),(X),6043,468
"Lehigh County, Pennsylvania",32671,888,(X),(X),16090,653,(X),(X),16581,541
"Luzerne County, Pennsylvania",28507,705,(X),(X),15029,381,(X),(X),13478,544
"Lycoming County, Pennsylvania",10922,660,(X),(X),5446,315,(X),(X),5476,624
"Mercer County, Pennsylvania",11125,442,(X),(X),6045,359,(X),(X),5080,239
"Monroe County, Pennsylvania",19380,1226,(X),(X),9951,709,(X),(X),9429,952
"Montgomery County, Pennsylvania",66538,74,(X),(X),33227,3,(X),(X),33311,74
"Northampton County, Pennsylvania",30037,690,(X),(X),15674,509,(X),(X),14363,384
"Northumberland County, Pennsylvania",6416,331,(X),(X),3377,178,(X),(X),3039,291
"Philadelphia County, Pennsylvania",164132,549,(X),(X),80401,431,(X),(X),83731,309
"Schuylkill County, Pennsylvania",10024,516,(X),(X),5454,439,(X),(X),4570,264
"Somerset County, Pennsylvania",5501,395,(X),(X),3021,219,(X),(X),2480,339
"Washington County, Pennsylvania",17624,694,(X),(X),8760,456,(X),(X),8864,383
"Westmoreland County, Pennsylvania",27982,651,(X),(X),14409,534,(X),(X),13573,395
"York County, Pennsylvania",37221,1077,(X),(X),19701,1043,(X),(X),17520,251
"Kent County, Rhode Island",11663,803,(X),(X),5823,512,(X),(X),5840,517
"Newport County, Rhode Island",7712,544,(X),(X),4064,368,(X),(X),3648,433
"Providence County, Rhode Island",70423,512,(X),(X),34645,173,(X),(X),35778,404
"Washington County, Rhode Island",18408,546,(X),(X),9097,367,(X),(X),9311,403
"Aiken County, South Carolina",13865,993,(X),(X),6876,925,(X),(X),6989,291
"Anderson County, South Carolina",16983,1229,(X),(X),8484,682,(X),(X),8499,1127
"Beaufort County, South Carolina",16909,805,(X),(X),10070,619,(X),(X),6839,388
"Berkeley County, South Carolina",20934,762,(X),(X),11987,402,(X),(X),8947,575
"Charleston County, South Carolina",35844,560,(X),(X),18542,500,(X),(X),17302,262
"Darlington County, South Carolina",5920,976,(X),(X),2935,528,(X),(X),2985,849
"Dorchester County, South Carolina",12747,704,(X),(X),6330,492,(X),(X),6417,535
"Florence County, South Carolina",11884,133,(X),(X),5647,133,(X),(X),6237,207
"Greenville County, South Carolina",43892,452,(X),(X),21887,371,(X),(X),22005,255
"Greenwood County, South Carolina",7419,1333,(X),(X),3193,985,(X),(X),4226,1022
"Horry County, South Carolina",25034,889,(X),(X),12727,622,(X),(X),12307,559
"Lancaster County, South Carolina",6583,830,(X),(X),3705,715,(X),(X),2878,492
"Laurens County, South Carolina",6522,549,(X),(X),2929,368,(X),(X),3593,516
"Lexington County, South Carolina",21956,675,(X),(X),11052,527,(X),(X),10904,446
"Oconee County, South Carolina",6226,894,(X),(X),3517,661,(X),(X),2709,453
"Orangeburg County, South Carolina",8925,2,(X),(X),4348,2,(X),(X),4577,2
"Pickens County, South Carolina",20824,771,(X),(X),10779,659,(X),(X),10045,416
"Richland County, South Carolina",65261,837,(X),(X),33940,533,(X),(X),31321,508
"Spartanburg County, South Carolina",28876,782,(X),(X),14497,591,(X),(X),14379,455
"Sumter County, South Carolina",11536,591,(X),(X),5911,362,(X),(X),5625,550
"York County, South Carolina",22129,523,(X),(X),10634,284,(X),(X),11495,457
"Minnehaha County, South Dakota",17416,779,(X),(X),8977,617,(X),(X),8439,392
"Pennington County, South Dakota",9485,825,(X),(X),4706,569,(X),(X),4779,591
"Anderson County, Tennessee",5952,547,(X),(X),3073,284,(X),(X),2879,442
"Blount County, Tennessee",9817,423,(X),(X),5004,217,(X),(X),4813,297
"Bradley County, Tennessee",10371,577,(X),(X),4746,334,(X),(X),5625,440
"Davidson County, Tennessee",69236,163,(X),(X),33226,78,(X),(X),36010,147
"Greene County, Tennessee",6370,652,(X),(X),3724,583,(X),(X),2646,250
"Hamilton County, Tennessee",32611,654,(X),(X),15720,484,(X),(X),16891,502
"Knox County, Tennessee",54439,1329,(X),(X),27770,1062,(X),(X),26669,631
"Madison County, Tennessee",10830,305,(X),(X),5142,282,(X),(X),5688,316
"Maury County, Tennessee",6953,777,(X),(X),3578,615,(X),(X),3375,445
"Montgomery County, Tennessee",21993,382,(X),(X),11301,335,(X),(X),10692,332
"Putnam County, Tennessee",10409,566,(X),(X),5805,525,(X),(X),4604,196
"Robertson County, Tennessee",4925,302,(X),(X),2306,141,(X),(X),2619,309
"Rutherford County, Tennessee",39887,628,(X),(X),20087,509,(X),(X),19800,300
"Sevier County, Tennessee",7358,424,(X),(X),3829,394,(X),(X),3529,207
"Shelby County, Tennessee",90608,525,(X),(X),44931,525,(X),(X),45677,2
"Sullivan County, Tennessee",12121,550,(X),(X),6297,523,(X),(X),5824,287
"Sumner County, Tennessee",14100,737,(X),(X),7639,522,(X),(X),6461,411
"Washington County, Tennessee",15304,631,(X),(X),7607,530,(X),(X),7697,460
"Williamson County, Tennessee",16274,1027,(X),(X),8317,716,(X),(X),7957,513
"Wilson County, Tennessee",10126,648,(X),(X),5634,639,(X),(X),4492,354
"Angelina County, Texas",8404,592,(X),(X),4082,452,(X),(X),4322,431
"Bastrop County, Texas",8524,1750,(X),(X),4724,1615,(X),(X),3800,618
"Bell County, Texas",39312,584,(X),(X),21298,304,(X),(X),18014,423
"Bexar County, Texas",202503,444,(X),(X),105410,283,(X),(X),97093,345
"Bowie County, Texas",7654,1276,(X),(X),4031,1089,(X),(X),3623,830
"Brazoria County, Texas",29546,1025,(X),(X),16687,510,(X),(X),12859,823
"Brazos County, Texas",59167,604,(X),(X),31244,605,(X),(X),27923,*****
"Cameron County, Texas",45231,1311,(X),(X),23049,498,(X),(X),22182,955
"Collin County, Texas",75782,199,(X),(X),39022,88,(X),(X),36760,184
"Comal County, Texas",12048,1069,(X),(X),6014,1082,(X),(X),6034,598
"Coryell County, Texas",9468,691,(X),(X),6241,416,(X),(X),3227,517
"Dallas County, Texas",249071,210,(X),(X),126009,5,(X),(X),123062,210
"Denton County, Texas",76329,406,(X),(X),37651,266,(X),(X),38678,344
"Ector County, Texas",16648,561,(X),(X),8714,449,(X),(X),7934,513
"Ellis County, Texas",15774,674,(X),(X),8414,373,(X),(X),7360,493
"El Paso County, Texas",95052,1212,(X),(X),51132,923,(X),(X),43920,770
"Fort Bend County, Texas",61383,4,(X),(X),31597,4,(X),(X),29786,2
"Galveston County, Texas",28844,842,(X),(X),15512,755,(X),(X),13332,348
"Grayson County, Texas",10976,749,(X),(X),5990,748,(X),(X),4986,386
"Gregg County, Texas",12058,1340,(X),(X),6583,916,(X),(X),5475,729
"Guadalupe County, Texas",14309,696,(X),(X),7294,197,(X),(X),7015,669
"Harris County, Texas",437962,711,(X),(X),223540,635,(X),(X),214422,509
"Harrison County, Texas",6175,865,(X),(X),3803,669,(X),(X),2372,565
"Hays County, Texas",35898,1239,(X),(X),16801,718,(X),(X),19097,845
"Henderson County, Texas",6571,872,(X),(X),3273,399,(X),(X),3298,651
"Hidalgo County, Texas",93585,1032,(X),(X),46808,534,(X),(X),46777,744
"Hunt County, Texas",9621,740,(X),(X),4486,500,(X),(X),5135,545
"Jefferson County, Texas",25026,396,(X),(X),13207,315,(X),(X),11819,235
"Johnson County, Texas",14086,474,(X),(X),7098,284,(X),(X),6988,403
"Kaufman County, Texas",9728,1131,(X),(X),5130,353,(X),(X),4598,869
"Liberty County, Texas",6908,1554,(X),(X),3347,787,(X),(X),3561,1112
"Lubbock County, Texas",51656,715,(X),(X),26859,561,(X),(X),24797,349
"McLennan County, Texas",36883,512,(X),(X),18577,390,(X),(X),18306,329
"Midland County, Texas",14787,360,(X),(X),7822,229,(X),(X),6965,304
"Montgomery County, Texas",46424,988,(X),(X),23911,861,(X),(X),22513,626
"Nacogdoches County, Texas",13332,1205,(X),(X),5997,949,(X),(X),7335,743
"Nueces County, Texas",37143,814,(X),(X),18893,692,(X),(X),18250,494
"Orange County, Texas",7028,621,(X),(X),4346,590,(X),(X),2682,139
"Parker County, Texas",10011,735,(X),(X),5352,335,(X),(X),4659,502
"Potter County, Texas",11258,664,(X),(X),5951,484,(X),(X),5307,385
"Randall County, Texas",13706,506,(X),(X),6819,350,(X),(X),6887,358
"Rockwall County, Texas",8257,978,(X),(X),4760,576,(X),(X),3497,645
"San Patricio County, Texas",6621,500,(X),(X),3485,373,(X),(X),3136,360
"Smith County, Texas",22159,913,(X),(X),11081,892,(X),(X),11078,198
"Tarrant County, Texas",188971,479,(X),(X),94810,230,(X),(X),94161,376
"Taylor County, Texas",18949,1207,(X),(X),9781,1052,(X),(X),9168,407
"Tom Green County, Texas",14813,899,(X),(X),8295,717,(X),(X),6518,419
"Travis County, Texas",113223,747,(X),(X),57148,376,(X),(X),56075,555
"Victoria County, Texas",8697,595,(X),(X),4641,541,(X),(X),4056,291
"Walker County, Texas",14803,1973,(X),(X),7865,1142,(X),(X),6938,1543
"Webb County, Texas",30675,555,(X),(X),15756,503,(X),(X),14919,190
"Wichita County, Texas",18346,1470,(X),(X),11021,1013,(X),(X),7325,865
"Williamson County, Texas",41753,1248,(X),(X),21536,636,(X),(X),20217,1082
"Cache County, Utah",22965,515,(X),(X),10927,380,(X),(X),12038,535
"Davis County, Utah",31925,794,(X),(X),17464,723,(X),(X),14461,382
"Salt Lake County, Utah",107161,1020,(X),(X),55433,707,(X),(X),51728,680
"Utah County, Utah",99206,812,(X),(X),49679,541,(X),(X),49527,605
"Washington County, Utah",15440,1360,(X),(X),8074,1310,(X),(X),7366,923
"Weber County, Utah",24103,822,(X),(X),12755,682,(X),(X),11348,530
"Chittenden County, Vermont",25800,728,(X),(X),12734,661,(X),(X),13066,455
"Albemarle County, Virginia",13051,833,(X),(X),6108,466,(X),(X),6943,637
"Arlington County, Virginia",18392,503,(X),(X),9395,467,(X),(X),8997,271
"Augusta County, Virginia",6036,713,(X),(X),2961,356,(X),(X),3075,529
"Bedford County, Virginia",5650,662,(X),(X),3073,496,(X),(X),2577,266
"Chesterfield County, Virginia",29977,478,(X),(X),14789,357,(X),(X),15188,309
"Fairfax County, Virginia",94919,254,(X),(X),48799,254,(X),(X),46120,5
"Fauquier County, Virginia",5326,491,(X),(X),2619,321,(X),(X),2707,250
"Frederick County, Virginia",7062,670,(X),(X),3417,344,(X),(X),3645,574
"Hanover County, Virginia",9526,597,(X),(X),5070,483,(X),(X),4456,394
"Henrico County, Virginia",25204,890,(X),(X),12600,603,(X),(X),12604,507
"James City County, Virginia",5506,1113,(X),(X),2932,611,(X),(X),2574,953
"Loudoun County, Virginia",28628,642,(X),(X),14692,340,(X),(X),13936,401
"Montgomery County, Virginia",27806,1110,(X),(X),16359,1007,(X),(X),11447,460
"Prince William County, Virginia",40132,363,(X),(X),20761,270,(X),(X),19371,304
"Roanoke County, Virginia",7123,533,(X),(X),3486,346,(X),(X),3637,475
"Rockingham County, Virginia",7261,675,(X),(X),3316,328,(X),(X),3945,642
"Spotsylvania County, Virginia",11553,731,(X),(X),6104,500,(X),(X),5449,629
"Stafford County, Virginia",14610,751,(X),(X),7882,680,(X),(X),6728,380
"York County, Virginia",6403,668,(X),(X),3432,571,(X),(X),2971,340
"Alexandria city, Virginia",10348,871,(X),(X),5084,767,(X),(X),5264,426
"Chesapeake city, Virginia",19685,1146,(X),(X),11175,611,(X),(X),8510,927
"Hampton city, Virginia",15956,605,(X),(X),8295,505,(X),(X),7661,372
"Lynchburg city, Virginia",20711,728,(X),(X),9193,198,(X),(X),11518,726
"Newport News city, Virginia",23566,681,(X),(X),12348,422,(X),(X),11218,434
"Norfolk city, Virginia",43765,337,(X),(X),27093,325,(X),(X),16672,157
"Portsmouth city, Virginia",10378,917,(X),(X),6115,836,(X),(X),4263,314
"Richmond city, Virginia",29333,702,(X),(X),13666,502,(X),(X),15667,417
"Roanoke city, Virginia",7523,737,(X),(X),3630,483,(X),(X),3893,515
"Suffolk city, Virginia",7671,473,(X),(X),4237,399,(X),(X),3434,220
"Virginia Beach city, Virginia",44237,307,(X),(X),23729,280,(X),(X),20508,100
"Benton County, Washington",16978,832,(X),(X),8858,581,(X),(X),8120,655
"Chelan County, Washington",6505,700,(X),(X),3016,667,(X),(X),3489,457
"Clallam County, Washington",5130,510,(X),(X),2705,396,(X),(X),2425,314
"Clark County, Washington",37857,711,(X),(X),19148,437,(X),(X),18709,551
"Cowlitz County, Washington",8176,486,(X),(X),4555,318,(X),(X),3621,439
"Franklin County, Washington",8500,232,(X),(X),4499,191,(X),(X),4001,172
"Grant County, Washington",10065,906,(X),(X),5356,391,(X),(X),4709,952
"Grays Harbor County, Washington",4850,376,(X),(X),3011,238,(X),(X),1839,234
"Island County, Washington",7225,562,(X),(X),3937,413,(X),(X),3288,462
"King County, Washington",180302,511,(X),(X),91490,412,(X),(X),88812,345
"Kitsap County, Washington",26625,757,(X),(X),15952,616,(X),(X),10673,322
"Lewis County, Washington",6444,534,(X),(X),3330,276,(X),(X),3114,376
"Pierce County, Washington",80665,811,(X),(X),42821,601,(X),(X),37844,554
"Skagit County, Washington",10613,442,(X),(X),5507,440,(X),(X),5106,243
"Snohomish County, Washington",64554,810,(X),(X),33669,310,(X),(X),30885,732
"Spokane County, Washington",49657,1053,(X),(X),25442,420,(X),(X),24215,893
"Thurston County, Washington",21021,1079,(X),(X),11441,591,(X),(X),9580,841
"Whatcom County, Washington",31711,786,(X),(X),15749,590,(X),(X),15962,472
"Yakima County, Washington",24113,383,(X),(X),12466,309,(X),(X),11647,229
"Berkeley County, West Virginia",7867,310,(X),(X),3836,174,(X),(X),4031,251
"Cabell County, West Virginia",13583,644,(X),(X),6425,315,(X),(X),7158,473
"Harrison County, West Virginia",4785,135,(X),(X),2402,104,(X),(X),2383,102
"Kanawha County, West Virginia",13458,647,(X),(X),7052,456,(X),(X),6406,415
"Monongalia County, West Virginia",22846,1259,(X),(X),11979,876,(X),(X),10867,787
"Raleigh County, West Virginia",5271,443,(X),(X),2747,329,(X),(X),2524,323
"Wood County, West Virginia",6585,357,(X),(X),3374,160,(X),(X),3211,296
"Brown County, Wisconsin",24074,905,(X),(X),12308,591,(X),(X),11766,736
"Dane County, Wisconsin",73399,792,(X),(X),36984,267,(X),(X),36415,746
"Dodge County, Wisconsin",6986,302,(X),(X),4026,226,(X),(X),2960,147
"Eau Claire County, Wisconsin",17489,572,(X),(X),8724,549,(X),(X),8765,279
"Fond du Lac County, Wisconsin",8795,519,(X),(X),4333,382,(X),(X),4462,355
"Jefferson County, Wisconsin",8488,546,(X),(X),4493,424,(X),(X),3995,471
"Kenosha County, Wisconsin",17055,714,(X),(X),8891,493,(X),(X),8164,603
"La Crosse County, Wisconsin",19193,731,(X),(X),8855,540,(X),(X),10338,520
"Manitowoc County, Wisconsin",6135,601,(X),(X),3142,339,(X),(X),2993,344
"Marathon County, Wisconsin",11259,468,(X),(X),5926,334,(X),(X),5333,384
"Milwaukee County, Wisconsin",93881,252,(X),(X),47143,192,(X),(X),46738,195
"Outagamie County, Wisconsin",16035,530,(X),(X),8056,423,(X),(X),7979,441
"Ozaukee County, Wisconsin",7924,528,(X),(X),3848,284,(X),(X),4076,313
"Portage County, Wisconsin",11726,337,(X),(X),5576,136,(X),(X),6150,302
"Racine County, Wisconsin",16742,876,(X),(X),8594,789,(X),(X),8148,461
"Rock County, Wisconsin",13963,640,(X),(X),7058,511,(X),(X),6905,377
"St. Croix County, Wisconsin",6239,215,(X),(X),3282,182,(X),(X),2957,103
"Sheboygan County, Wisconsin",8823,673,(X),(X),4364,349,(X),(X),4459,492
"Walworth County, Wisconsin",13352,490,(X),(X),6823,429,(X),(X),6529,414
"Washington County, Wisconsin",9583,340,(X),(X),5008,229,(X),(X),4575,247
"Waukesha County, Wisconsin",31161,700,(X),(X),15796,400,(X),(X),15365,551
"Winnebago County, Wisconsin",20674,636,(X),(X),10390,489,(X),(X),10284,443
"Wood County, Wisconsin",5366,272,(X),(X),2724,167,(X),(X),2642,206
"Laramie County, Wyoming",8007,658,(X),(X),4545,465,(X),(X),3462,366
"Natrona County, Wyoming",7196,881,(X),(X),3539,467,(X),(X),3657,738
